-- MySQL dump 10.16  Distrib 10.2.24-MariaDB, for Linux (x86_64)
--
-- Host: 192.168.90.131    Database: opsadmin
-- ------------------------------------------------------
-- Server version	10.2.24-MariaDB

/*!40101 SET @OLD_CHARACTER_SET_CLIENT=@@CHARACTER_SET_CLIENT */;
/*!40101 SET @OLD_CHARACTER_SET_RESULTS=@@CHARACTER_SET_RESULTS */;
/*!40101 SET @OLD_COLLATION_CONNECTION=@@COLLATION_CONNECTION */;
/*!40101 SET NAMES utf8 */;
/*!40103 SET @OLD_TIME_ZONE=@@TIME_ZONE */;
/*!40103 SET TIME_ZONE='+00:00' */;
/*!40014 SET @OLD_UNIQUE_CHECKS=@@UNIQUE_CHECKS, UNIQUE_CHECKS=0 */;
/*!40014 SET @OLD_FOREIGN_KEY_CHECKS=@@FOREIGN_KEY_CHECKS, FOREIGN_KEY_CHECKS=0 */;
/*!40101 SET @OLD_SQL_MODE=@@SQL_MODE, SQL_MODE='NO_AUTO_VALUE_ON_ZERO' */;
/*!40111 SET @OLD_SQL_NOTES=@@SQL_NOTES, SQL_NOTES=0 */;

--
-- Temporary table structure for view `authority_menu`
--

DROP TABLE IF EXISTS `authority_menu`;
/*!50001 DROP VIEW IF EXISTS `authority_menu`*/;
SET @saved_cs_client     = @@character_set_client;
SET character_set_client = utf8;
/*!50001 CREATE TABLE `authority_menu` (
  `id` tinyint NOT NULL,
  `created_at` tinyint NOT NULL,
  `updated_at` tinyint NOT NULL,
  `deleted_at` tinyint NOT NULL,
  `menu_level` tinyint NOT NULL,
  `parent_id` tinyint NOT NULL,
  `path` tinyint NOT NULL,
  `name` tinyint NOT NULL,
  `hidden` tinyint NOT NULL,
  `component` tinyint NOT NULL,
  `title` tinyint NOT NULL,
  `icon` tinyint NOT NULL,
  `nick_name` tinyint NOT NULL,
  `sort` tinyint NOT NULL,
  `authority_id` tinyint NOT NULL,
  `menu_id` tinyint NOT NULL,
  `keep_alive` tinyint NOT NULL,
  `default_menu` tinyint NOT NULL
) ENGINE=MyISAM */;
SET character_set_client = @saved_cs_client;

--
-- Table structure for table `casbin_rule`
--

DROP TABLE IF EXISTS `casbin_rule`;
/*!40101 SET @saved_cs_client     = @@character_set_client */;
/*!40101 SET character_set_client = utf8 */;
CREATE TABLE `casbin_rule` (
  `p_type` varchar(100) DEFAULT NULL,
  `v0` varchar(100) DEFAULT NULL,
  `v1` varchar(100) DEFAULT NULL,
  `v2` varchar(100) DEFAULT NULL,
  `v3` varchar(100) DEFAULT NULL,
  `v4` varchar(100) DEFAULT NULL,
  `v5` varchar(100) DEFAULT NULL
) ENGINE=InnoDB DEFAULT CHARSET=utf8 ROW_FORMAT=COMPACT;
/*!40101 SET character_set_client = @saved_cs_client */;

--
-- Dumping data for table `casbin_rule`
--

LOCK TABLES `casbin_rule` WRITE;
/*!40000 ALTER TABLE `casbin_rule` DISABLE KEYS */;
INSERT INTO `casbin_rule` VALUES ('p','8881','/base/login','POST','','',''),('p','8881','/base/register','POST','','',''),('p','8881','/api/createApi','POST','','',''),('p','8881','/api/getApiList','POST','','',''),('p','8881','/api/getApiById','POST','','',''),('p','8881','/api/deleteApi','POST','','',''),('p','8881','/api/updateApi','POST','','',''),('p','8881','/api/getAllApis','POST','','',''),('p','8881','/authority/createAuthority','POST','','',''),('p','8881','/authority/deleteAuthority','POST','','',''),('p','8881','/authority/getAuthorityList','POST','','',''),('p','8881','/authority/setDataAuthority','POST','','',''),('p','8881','/menu/getMenu','POST','','',''),('p','8881','/menu/getMenuList','POST','','',''),('p','8881','/menu/addBaseMenu','POST','','',''),('p','8881','/menu/getBaseMenuTree','POST','','',''),('p','8881','/menu/addMenuAuthority','POST','','',''),('p','8881','/menu/getMenuAuthority','POST','','',''),('p','8881','/menu/deleteBaseMenu','POST','','',''),('p','8881','/menu/updateBaseMenu','POST','','',''),('p','8881','/menu/getBaseMenuById','POST','','',''),('p','8881','/user/changePassword','POST','','',''),('p','8881','/user/uploadHeaderImg','POST','','',''),('p','8881','/user/deleteUser','DELETE','','',''),('p','8881','/user/getUserList','POST','','',''),('p','8881','/user/setUserAuthority','POST','','',''),('p','8881','/fileUploadAndDownload/upload','POST','','',''),('p','8881','/fileUploadAndDownload/getFileList','POST','','',''),('p','8881','/fileUploadAndDownload/deleteFile','POST','','',''),('p','8881','/casbin/updateCasbin','POST','','',''),('p','8881','/casbin/getPolicyPathByAuthorityId','POST','','',''),('p','8881','/jwt/jsonInBlacklist','POST','','',''),('p','8881','/system/getSystemConfig','POST','','',''),('p','8881','/system/setSystemConfig','POST','','',''),('p','8881','/customer/customer','POST','','',''),('p','8881','/customer/customer','PUT','','',''),('p','8881','/customer/customer','DELETE','','',''),('p','8881','/customer/customer','GET','','',''),('p','8881','/customer/customerList','GET','','',''),('p','9528','/base/login','POST','','',''),('p','9528','/base/register','POST','','',''),('p','9528','/api/createApi','POST','','',''),('p','9528','/api/getApiList','POST','','',''),('p','9528','/api/getApiById','POST','','',''),('p','9528','/api/deleteApi','POST','','',''),('p','9528','/api/updateApi','POST','','',''),('p','9528','/api/getAllApis','POST','','',''),('p','9528','/authority/createAuthority','POST','','',''),('p','9528','/authority/deleteAuthority','POST','','',''),('p','9528','/authority/getAuthorityList','POST','','',''),('p','9528','/authority/setDataAuthority','POST','','',''),('p','9528','/menu/getMenu','POST','','',''),('p','9528','/menu/getMenuList','POST','','',''),('p','9528','/menu/addBaseMenu','POST','','',''),('p','9528','/menu/getBaseMenuTree','POST','','',''),('p','9528','/menu/addMenuAuthority','POST','','',''),('p','9528','/menu/getMenuAuthority','POST','','',''),('p','9528','/menu/deleteBaseMenu','POST','','',''),('p','9528','/menu/updateBaseMenu','POST','','',''),('p','9528','/menu/getBaseMenuById','POST','','',''),('p','9528','/user/changePassword','POST','','',''),('p','9528','/user/uploadHeaderImg','POST','','',''),('p','9528','/user/deleteUser','DELETE','','',''),('p','9528','/user/getUserList','POST','','',''),('p','9528','/user/setUserAuthority','POST','','',''),('p','9528','/fileUploadAndDownload/upload','POST','','',''),('p','9528','/fileUploadAndDownload/getFileList','POST','','',''),('p','9528','/fileUploadAndDownload/deleteFile','POST','','',''),('p','9528','/casbin/updateCasbin','POST','','',''),('p','9528','/casbin/getPolicyPathByAuthorityId','POST','','',''),('p','9528','/jwt/jsonInBlacklist','POST','','',''),('p','9528','/system/getSystemConfig','POST','','',''),('p','9528','/system/setSystemConfig','POST','','',''),('p','9528','/customer/customer','POST','','',''),('p','9528','/customer/customer','PUT','','',''),('p','9528','/customer/customer','DELETE','','',''),('p','9528','/customer/customer','GET','','',''),('p','9528','/customer/customerList','GET','','',''),('p','9528','/autoCode/createTemp','POST','','',''),('p','888','/base/login','POST','','',''),('p','888','/base/register','POST','','',''),('p','888','/api/createApi','POST','','',''),('p','888','/api/getApiList','POST','','',''),('p','888','/api/getApiById','POST','','',''),('p','888','/api/deleteApi','POST','','',''),('p','888','/api/updateApi','POST','','',''),('p','888','/api/getAllApis','POST','','',''),('p','888','/authority/createAuthority','POST','','',''),('p','888','/authority/deleteAuthority','POST','','',''),('p','888','/authority/getAuthorityList','POST','','',''),('p','888','/authority/setDataAuthority','POST','','',''),('p','888','/authority/updateAuthority','PUT','','',''),('p','888','/authority/copyAuthority','POST','','',''),('p','888','/menu/getMenu','POST','','',''),('p','888','/menu/getMenuList','POST','','',''),('p','888','/menu/addBaseMenu','POST','','',''),('p','888','/menu/getBaseMenuTree','POST','','',''),('p','888','/menu/addMenuAuthority','POST','','',''),('p','888','/menu/getMenuAuthority','POST','','',''),('p','888','/menu/deleteBaseMenu','POST','','',''),('p','888','/menu/updateBaseMenu','POST','','',''),('p','888','/menu/getBaseMenuById','POST','','',''),('p','888','/user/changePassword','POST','','',''),('p','888','/user/uploadHeaderImg','POST','','',''),('p','888','/user/deleteUser','DELETE','','',''),('p','888','/user/getUserList','POST','','',''),('p','888','/user/setUserAuthority','POST','','',''),('p','888','/fileUploadAndDownload/upload','POST','','',''),('p','888','/fileUploadAndDownload/getFileList','POST','','',''),('p','888','/fileUploadAndDownload/deleteFile','POST','','',''),('p','888','/casbin/updateCasbin','POST','','',''),('p','888','/casbin/getPolicyPathByAuthorityId','POST','','',''),('p','888','/casbin/casbinTest/:pathParam','GET','','',''),('p','888','/jwt/jsonInBlacklist','POST','','',''),('p','888','/system/getSystemConfig','POST','','',''),('p','888','/system/setSystemConfig','POST','','',''),('p','888','/customer/customer','POST','','',''),('p','888','/customer/customer','PUT','','',''),('p','888','/customer/customer','DELETE','','',''),('p','888','/customer/customer','GET','','',''),('p','888','/customer/customerList','GET','','',''),('p','888','/autoCode/createTemp','POST','','',''),('p','888','/resource/env/envList','POST','','',''),('p','888','/resource/env/envCreate','POST','','',''),('p','888','/resource/env/envUpdate','POST','','',''),('p','888','/resource/env/envDelete','DELETE','','',''),('p','888','/resource/server/serverCreate','POST','','',''),('p','888','/resource/server/serverList','POST','','',''),('p','888','/resource/server/serverUpdate','POST','','',''),('p','888','/resource/server/serverDelete','DELETE','','',''),('p','888','/resource/server/platformCreateKey','GET','','',''),('p','888','/resource/server/serverConnect','POST','','',''),('p','888','/resource/server/serverPushKey','POST','','',''),('p','888','/deploy/project/projectList','POST','','',''),('p','888','/deploy/project/projectCreate','POST','','',''),('p','888','/deploy/project/projectUpdate','POST','','',''),('p','888','/deploy/project/projectDelete','DELETE','','',''),('p','888','/deploy/test/testingList','POST','','',''),('p','888','/deploy/test/testingContrast','POST','','',''),('p','888','/deploy/test/testingRelease','POST','','',''),('p','888','/deploy/test/testingRversion','POST','','',''),('p','888','/gitlab/project/projectImport','GET','','',''),('p','888','/gitlab/project/projectTags','POST','','',''),('p','888','/deploy/rollback/rollbackList','POST','','',''),('p','888','/deploy/rollback/rollbackContrast','POST','','',''),('p','888','/deploy/rollback/rollbackRelease','POST','','',''),('p','888','/deploy/online/onlineList','POST','','',''),('p','888','/deploy/online/onlineContrast','POST','','',''),('p','888','/deploy/online/onlineRversion','POST','','',''),('p','888','/deploy/online/devAudit','POST','','',''),('p','888','/deploy/online/testAudit','POST','','',''),('p','888','/deploy/online/onlineCreate','POST','','',''),('p','888','/deploy/online/opsAudit','POST','','',''),('p','888','/deploy/online/onlineClose','POST','','','');
/*!40000 ALTER TABLE `casbin_rule` ENABLE KEYS */;
UNLOCK TABLES;

--
-- Table structure for table `deploy_onlines`
--

DROP TABLE IF EXISTS `deploy_onlines`;
/*!40101 SET @saved_cs_client     = @@character_set_client */;
/*!40101 SET character_set_client = utf8 */;
CREATE TABLE `deploy_onlines` (
  `id` int(10) unsigned NOT NULL AUTO_INCREMENT,
  `created_at` datetime DEFAULT NULL,
  `updated_at` datetime DEFAULT NULL,
  `deleted_at` datetime DEFAULT NULL,
  `applicant` varchar(255) DEFAULT NULL,
  `dev_auditor` varchar(255) DEFAULT NULL,
  `test_auditor` varchar(255) DEFAULT NULL,
  `op_auditor` varchar(255) DEFAULT NULL,
  `version` double DEFAULT NULL,
  `tag` varchar(255) DEFAULT NULL,
  `describe` longtext DEFAULT NULL,
  `path` longtext DEFAULT NULL,
  `status` int(11) DEFAULT NULL,
  `result` longtext DEFAULT NULL,
  `isdelete` int(11) DEFAULT NULL,
  `deploy_project_id` int(11) DEFAULT NULL,
  PRIMARY KEY (`id`),
  KEY `idx_deploy_onlines_deleted_at` (`deleted_at`)
) ENGINE=InnoDB AUTO_INCREMENT=12 DEFAULT CHARSET=utf8mb4;
/*!40101 SET character_set_client = @saved_cs_client */;

--
-- Dumping data for table `deploy_onlines`
--

LOCK TABLES `deploy_onlines` WRITE;
/*!40000 ALTER TABLE `deploy_onlines` DISABLE KEYS */;
INSERT INTO `deploy_onlines` VALUES (1,'2020-08-14 15:18:23','2020-08-14 19:27:52',NULL,'超级管理员','超级管理员','超级管理员','超级管理员',0.2,'v1.1.0.20200303','adsfasdf ','./resource/gittemp/3-h9-0.2/',3,'==========================主机开始同步文件: 96.45.183.49=========================\nbuilding file list ... \n 0 files...\r79 files to consider\n\nsent 2454 bytes  received 20 bytes  549.78 bytes/sec\ntotal size is 3171726  speedup is 1282.02\n',2,3),(2,'2020-08-14 15:55:17','2020-08-14 19:27:52',NULL,'超级管理员','超级管理员','超级管理员','超级管理员',0.3,'v1.2.1.20200402','大发撒地方','./resource/gittemp/3-h9-0.3/',3,'==========================主机开始同步文件: 96.45.183.49=========================\nbuilding file list ... \n 0 files...\r79 files to consider\n./\napp/\napp/download/\napp/download/ios.html\n        1401  27%    0.00kB/s    0:00:00\r        5087 100%    3.52MB/s    0:00:00 (xfer#1, to-check=69/79)\napp/purchase/\napp/purchase/common/\napp/purchase/components/\napp/purchase/components/uni-popup/\napp/purchase/node_modules/\napp/purchase/node_modules/qrcodejs2/\napp/purchase/pages/\napp/purchase/pages/order/\napp/purchase/static/\napp/purchase/static/image/\napp/purchase/unpackage/\napp/purchase/unpackage/dist/\napp/purchase/unpackage/dist/build/\napp/purchase/unpackage/dist/build/h5/\napp/purchase/unpackage/dist/build/h5/static/\napp/supplier/\napp/tracesource/\nconfig/\nconfig/download.config.js\n          63 100%   20.51kB/s    0:00:00\r          63 100%   20.51kB/s    0:00:00 (xfer#2, to-check=19/79)\ncss/\nimg/\nimg/download/\njs/\nstatic/\nstatic/js/\n\nsent 4133 bytes  received 580 bytes  1346.57 bytes/sec\ntotal size is 3171724  speedup is 672.97\n',2,3),(3,'2020-08-14 19:07:12','2020-08-14 19:27:52',NULL,'超级管理员','超级管理员','超级管理员','超级管理员',0.4,'v1.0.0','萨法 ','./resource/gittemp/3-h9-0.4/',3,'==========================主机开始同步文件: 96.45.183.49=========================\nbuilding file list ... \n 0 files...\r87 files to consider\ndeleting app/supplier/index.html\ndeleting app/supplier/\n./\napp/\napp/download/\napp/download/ios.html\n        1399  27%    0.00kB/s    0:00:00\r        5081 100%    3.51MB/s    0:00:00 (xfer#1, to-check=77/87)\napp/purchase/\napp/purchase/manifest.json\n         700  20%  683.59kB/s    0:00:00\r        3410 100%    3.25MB/s    0:00:00 (xfer#2, to-check=73/87)\napp/purchase/common/\napp/purchase/common/qrcode.js\n       32768  98%    7.81MB/s    0:00:00\r       33268 100%    6.35MB/s    0:00:00 (xfer#3, to-check=68/87)\napp/purchase/common/wxqrcode.js\n       32768  69%    4.46MB/s    0:00:00\r       47232 100%    5.63MB/s    0:00:00 (xfer#4, to-check=66/87)\napp/purchase/components/\napp/purchase/components/uni-popup/\napp/purchase/node_modules/\napp/purchase/node_modules/qrcodejs2/\napp/purchase/node_modules/qrcodejs2/qrcode.js\n         700   2%   75.95kB/s    0:00:00\r       33268 100%    3.17MB/s    0:00:00 (xfer#5, to-check=49/87)\napp/purchase/pages/\napp/purchase/pages/order/\napp/purchase/pages/order/index.vue\n        3095  19%  302.25kB/s    0:00:00\r       15709 100%    1.36MB/s    0:00:00 (xfer#6, to-check=45/87)\napp/purchase/static/\napp/purchase/static/image/\napp/purchase/unpackage/\napp/purchase/unpackage/dist/\napp/purchase/unpackage/dist/build/\napp/purchase/unpackage/dist/build/h5/\napp/purchase/unpackage/dist/build/h5/index.html\n        1090 100%   88.70kB/s    0:00:00\r        1090 100%   88.70kB/s    0:00:00 (xfer#7, to-check=34/87)\napp/purchase/unpackage/dist/build/h5/static/\napp/purchase/unpackage/dist/build/h5/static/image/\napp/purchase/unpackage/dist/build/h5/static/image/edit.png\n         270 100%   20.28kB/s    0:00:00\r         270 100%   20.28kB/s    0:00:00 (xfer#8, to-check=29/87)\napp/purchase/unpackage/dist/build/h5/static/image/edit@2x.png\n         590 100%   44.32kB/s    0:00:00\r         590 100%   44.32kB/s    0:00:00 (xfer#9, to-check=28/87)\napp/purchase/unpackage/dist/build/h5/static/image/u51.png\n       32768  25%    2.23MB/s    0:00:00\r      127658 100%    6.09MB/s    0:00:00 (xfer#10, to-check=27/87)\napp/purchase/unpackage/dist/build/h5/static/js/\napp/purchase/unpackage/dist/build/h5/static/js/chunk-vendors.0a7b77e4.js\n       32768   5%    1.36MB/s    0:00:00\r      548422 100%    9.02MB/s    0:00:00 (xfer#11, to-check=25/87)\napp/purchase/unpackage/dist/build/h5/static/js/index.a667e2ef.js\n       32768  52%  533.33kB/s    0:00:00\r       62795 100% 1005.30kB/s    0:00:00 (xfer#12, to-check=24/87)\napp/purchase/unpackage/dist/build/h5/static/js/pages-order-index.5496d492.js\n       32768  77%  516.13kB/s    0:00:00\r       42171 100%  653.69kB/s    0:00:00 (xfer#13, to-check=23/87)\napp/tracesource/\nconfig/\nconfig/download.config.js\n          68 100%    1.04kB/s    0:00:00\r          68 100%    1.04kB/s    0:00:00 (xfer#14, to-check=19/87)\ncss/\nimg/\nimg/download/\njs/\nstatic/\nstatic/js/\n\nsent 360545 bytes  received 1276 bytes  38086.42 bytes/sec\ntotal size is 4015385  speedup is 11.10\n',2,3),(4,'2020-08-14 19:13:22','2020-08-14 19:27:52',NULL,'超级管理员','超级管理员','超级管理员','超级管理员',0.5,'v1.2.0.20200323','公司的分公司的饭','./resource/gittemp/3-h9-0.5/',3,'==========================主机开始同步文件: 96.45.183.49=========================\nbuilding file list ... \n 0 files...\r79 files to consider\ndeleting app/purchase/common/wxqrcode.js\ndeleting app/purchase/common/qrcode.js\ndeleting app/purchase/unpackage/dist/build/h5/static/js/pages-order-index.5496d492.js\ndeleting app/purchase/unpackage/dist/build/h5/static/js/index.a667e2ef.js\ndeleting app/purchase/unpackage/dist/build/h5/static/js/chunk-vendors.0a7b77e4.js\ndeleting app/purchase/unpackage/dist/build/h5/static/js/\ndeleting app/purchase/unpackage/dist/build/h5/static/image/u51.png\ndeleting app/purchase/unpackage/dist/build/h5/static/image/edit@2x.png\ndeleting app/purchase/unpackage/dist/build/h5/static/image/edit.png\ndeleting app/purchase/unpackage/dist/build/h5/static/image/\n./\napp/\napp/download/\napp/download/ios.html\n        1401  27%    0.00kB/s    0:00:00\r        5087 100%    3.52MB/s    0:00:00 (xfer#1, to-check=69/79)\napp/purchase/\napp/purchase/manifest.json\n         700  21%  683.59kB/s    0:00:00\r        3316 100%    3.16MB/s    0:00:00 (xfer#2, to-check=65/79)\napp/purchase/common/\napp/purchase/components/\napp/purchase/components/uni-popup/\napp/purchase/node_modules/\napp/purchase/node_modules/qrcodejs2/\napp/purchase/node_modules/qrcodejs2/qrcode.js\n         700   2%  683.59kB/s    0:00:00\r       33277 100%   31.74MB/s    0:00:00 (xfer#3, to-check=43/79)\napp/purchase/pages/\napp/purchase/pages/order/\napp/purchase/pages/order/index.vue\n        8953  63%    4.27MB/s    0:00:00\r       14088 100%    6.72MB/s    0:00:00 (xfer#4, to-check=39/79)\napp/purchase/static/\napp/purchase/static/image/\napp/purchase/unpackage/\napp/purchase/unpackage/dist/\napp/purchase/unpackage/dist/build/\napp/purchase/unpackage/dist/build/h5/\napp/purchase/unpackage/dist/build/h5/index.html\n         970 100%  315.76kB/s    0:00:00\r         970 100%  315.76kB/s    0:00:00 (xfer#5, to-check=28/79)\napp/purchase/unpackage/dist/build/h5/static/\napp/supplier/\napp/supplier/index.html\n       20570 100%    4.90MB/s    0:00:00\r       20570 100%    4.90MB/s    0:00:00 (xfer#6, to-check=23/79)\napp/tracesource/\nconfig/\nconfig/download.config.js\n          63 100%   12.30kB/s    0:00:00\r          63 100%   12.30kB/s    0:00:00 (xfer#7, to-check=19/79)\ncss/\nimg/\nimg/download/\njs/\nstatic/\nstatic/js/\n\nsent 16263 bytes  received 1128 bytes  3864.67 bytes/sec\ntotal size is 3171724  speedup is 182.38\n',2,3),(5,'2020-08-14 19:20:18','2020-08-14 19:30:38',NULL,'超级管理员','超级管理员','超级管理员','超级管理员',0.6,'v1.0.0','三大发撒地方','./resource/gittemp/3-h9-0.6/',3,'==========================主机开始同步文件: 96.45.183.49=========================\nbuilding file list ... \n 0 files...\r87 files to consider\ndeleting app/supplier/index.html\ndeleting app/supplier/\n./\napp/\napp/download/\napp/download/ios.html\n        1399  27%    0.00kB/s    0:00:00\r        5081 100%    3.51MB/s    0:00:00 (xfer#1, to-check=77/87)\napp/purchase/\napp/purchase/manifest.json\n         700  20%  683.59kB/s    0:00:00\r        3410 100%    3.25MB/s    0:00:00 (xfer#2, to-check=73/87)\napp/purchase/common/\napp/purchase/common/qrcode.js\n       32768  98%    7.81MB/s    0:00:00\r       33268 100%    6.35MB/s    0:00:00 (xfer#3, to-check=68/87)\napp/purchase/common/wxqrcode.js\n       32768  69%    4.46MB/s    0:00:00\r       47232 100%    5.63MB/s    0:00:00 (xfer#4, to-check=66/87)\napp/purchase/components/\napp/purchase/components/uni-popup/\napp/purchase/node_modules/\napp/purchase/node_modules/qrcodejs2/\napp/purchase/node_modules/qrcodejs2/qrcode.js\n         700   2%   75.95kB/s    0:00:00\r       33268 100%    3.17MB/s    0:00:00 (xfer#5, to-check=49/87)\napp/purchase/pages/\napp/purchase/pages/order/\napp/purchase/pages/order/index.vue\n        3095  19%  274.77kB/s    0:00:00\r       15709 100%    1.25MB/s    0:00:00 (xfer#6, to-check=45/87)\napp/purchase/static/\napp/purchase/static/image/\napp/purchase/unpackage/\napp/purchase/unpackage/dist/\napp/purchase/unpackage/dist/build/\napp/purchase/unpackage/dist/build/h5/\napp/purchase/unpackage/dist/build/h5/index.html\n        1090 100%   88.70kB/s    0:00:00\r        1090 100%   88.70kB/s    0:00:00 (xfer#7, to-check=34/87)\napp/purchase/unpackage/dist/build/h5/static/\napp/purchase/unpackage/dist/build/h5/static/image/\napp/purchase/unpackage/dist/build/h5/static/image/edit.png\n         270 100%   20.28kB/s    0:00:00\r         270 100%   20.28kB/s    0:00:00 (xfer#8, to-check=29/87)\napp/purchase/unpackage/dist/build/h5/static/image/edit@2x.png\n         590 100%   44.32kB/s    0:00:00\r         590 100%   44.32kB/s    0:00:00 (xfer#9, to-check=28/87)\napp/purchase/unpackage/dist/build/h5/static/image/u51.png\n       32768  25%    2.23MB/s    0:00:00\r      127658 100%    5.80MB/s    0:00:00 (xfer#10, to-check=27/87)\napp/purchase/unpackage/dist/build/h5/static/js/\napp/purchase/unpackage/dist/build/h5/static/js/chunk-vendors.0a7b77e4.js\n       32768   5%    1.36MB/s    0:00:00\r      548422 100%    9.02MB/s    0:00:00 (xfer#11, to-check=25/87)\napp/purchase/unpackage/dist/build/h5/static/js/index.a667e2ef.js\n       32768  52%  533.33kB/s    0:00:00\r       62795 100%  989.08kB/s    0:00:00 (xfer#12, to-check=24/87)\napp/purchase/unpackage/dist/build/h5/static/js/pages-order-index.5496d492.js\n       32768  77%  507.94kB/s    0:00:00\r       42171 100%  643.48kB/s    0:00:00 (xfer#13, to-check=23/87)\napp/tracesource/\nconfig/\nconfig/download.config.js\n          68 100%    1.04kB/s    0:00:00\r          68 100%    1.04kB/s    0:00:00 (xfer#14, to-check=19/87)\ncss/\nimg/\nimg/download/\njs/\nstatic/\nstatic/js/\n\nsent 360545 bytes  received 1276 bytes  80404.67 bytes/sec\ntotal size is 4015385  speedup is 11.10\n',2,3),(6,'2020-08-14 19:21:13','2020-08-14 19:32:46',NULL,'超级管理员','超级管理员','超级管理员','超级管理员',0.7,'v1.2.1.20200402','阿斯顿发生的','./resource/gittemp/3-h9-0.7/',3,'==========================主机开始同步文件: 96.45.183.49=========================\nbuilding file list ... \n 0 files...\r79 files to consider\ndeleting app/purchase/common/wxqrcode.js\ndeleting app/purchase/common/qrcode.js\ndeleting app/purchase/unpackage/dist/build/h5/static/js/pages-order-index.5496d492.js\ndeleting app/purchase/unpackage/dist/build/h5/static/js/index.a667e2ef.js\ndeleting app/purchase/unpackage/dist/build/h5/static/js/chunk-vendors.0a7b77e4.js\ndeleting app/purchase/unpackage/dist/build/h5/static/js/\ndeleting app/purchase/unpackage/dist/build/h5/static/image/u51.png\ndeleting app/purchase/unpackage/dist/build/h5/static/image/edit@2x.png\ndeleting app/purchase/unpackage/dist/build/h5/static/image/edit.png\ndeleting app/purchase/unpackage/dist/build/h5/static/image/\n./\napp/\napp/download/\napp/download/ios.html\n        1401  27%    0.00kB/s    0:00:00\r        5087 100%    3.52MB/s    0:00:00 (xfer#1, to-check=69/79)\napp/purchase/\napp/purchase/manifest.json\n         700  21%  683.59kB/s    0:00:00\r        3316 100%    3.16MB/s    0:00:00 (xfer#2, to-check=65/79)\napp/purchase/common/\napp/purchase/components/\napp/purchase/components/uni-popup/\napp/purchase/node_modules/\napp/purchase/node_modules/qrcodejs2/\napp/purchase/node_modules/qrcodejs2/qrcode.js\n         700   2%  341.80kB/s    0:00:00\r       33277 100%   10.58MB/s    0:00:00 (xfer#3, to-check=43/79)\napp/purchase/pages/\napp/purchase/pages/order/\napp/purchase/pages/order/index.vue\n        8953  63%    2.13MB/s    0:00:00\r       14088 100%    2.69MB/s    0:00:00 (xfer#4, to-check=39/79)\napp/purchase/static/\napp/purchase/static/image/\napp/purchase/unpackage/\napp/purchase/unpackage/dist/\napp/purchase/unpackage/dist/build/\napp/purchase/unpackage/dist/build/h5/\napp/purchase/unpackage/dist/build/h5/index.html\n         970 100%  189.45kB/s    0:00:00\r         970 100%  189.45kB/s    0:00:00 (xfer#5, to-check=28/79)\napp/purchase/unpackage/dist/build/h5/static/\napp/supplier/\napp/supplier/index.html\n       20570 100%    2.80MB/s    0:00:00\r       20570 100%    2.80MB/s    0:00:00 (xfer#6, to-check=23/79)\napp/tracesource/\nconfig/\nconfig/download.config.js\n          63 100%    8.79kB/s    0:00:00\r          63 100%    8.79kB/s    0:00:00 (xfer#7, to-check=19/79)\ncss/\nimg/\nimg/download/\njs/\nstatic/\nstatic/js/\n\nsent 16263 bytes  received 1128 bytes  4968.86 bytes/sec\ntotal size is 3171724  speedup is 182.38\n',2,3),(7,'2020-08-14 19:27:30','2020-08-14 19:54:09',NULL,'超级管理员','超级管理员','超级管理员','超级管理员',0.8,'v1.1.0.20200303','asdfasd ','./resource/gittemp/3-h9-0.8/',3,'==========================主机开始同步文件: 96.45.183.49=========================\nbuilding file list ... \n 0 files...\r79 files to consider\n./\napp/\napp/download/\napp/download/ios.html\n        1399  27%    0.00kB/s    0:00:00\r        5081 100%    3.51MB/s    0:00:00 (xfer#1, to-check=69/79)\napp/purchase/\napp/purchase/common/\napp/purchase/components/\napp/purchase/components/uni-popup/\napp/purchase/node_modules/\napp/purchase/node_modules/qrcodejs2/\napp/purchase/pages/\napp/purchase/pages/order/\napp/purchase/static/\napp/purchase/static/image/\napp/purchase/unpackage/\napp/purchase/unpackage/dist/\napp/purchase/unpackage/dist/build/\napp/purchase/unpackage/dist/build/h5/\napp/purchase/unpackage/dist/build/h5/static/\napp/supplier/\napp/tracesource/\nconfig/\nconfig/download.config.js\n          71 100%   34.67kB/s    0:00:00\r          71 100%   34.67kB/s    0:00:00 (xfer#2, to-check=19/79)\ncss/\nimg/\nimg/download/\njs/\nstatic/\nstatic/js/\n\nsent 4117 bytes  received 580 bytes  1342.00 bytes/sec\ntotal size is 3171726  speedup is 675.27\n',2,3),(8,'2020-08-14 19:30:18','2020-08-14 19:30:38',NULL,'超级管理员','超级管理员','超级管理员','超级管理员',0.9,'v1.0.0','rfadfasd ','./resource/gittemp/3-h9-0.9/',3,'==========================主机开始同步文件: 96.45.183.49=========================\nbuilding file list ... \n 0 files...\r87 files to consider\ndeleting app/supplier/index.html\ndeleting app/supplier/\n./\napp/\napp/download/\napp/purchase/\napp/purchase/manifest.json\n         700  20%    0.00kB/s    0:00:00\r        3410 100%    2.58MB/s    0:00:00 (xfer#1, to-check=73/87)\napp/purchase/common/\napp/purchase/common/qrcode.js\n       32768  98%   15.62MB/s    0:00:00\r       33268 100%   15.86MB/s    0:00:00 (xfer#2, to-check=68/87)\napp/purchase/common/wxqrcode.js\n       32768  69%    7.81MB/s    0:00:00\r       47232 100%    9.01MB/s    0:00:00 (xfer#3, to-check=66/87)\napp/purchase/components/\napp/purchase/components/uni-popup/\napp/purchase/node_modules/\napp/purchase/node_modules/qrcodejs2/\napp/purchase/node_modules/qrcodejs2/qrcode.js\n         700   2%  113.93kB/s    0:00:00\r       33268 100%    4.53MB/s    0:00:00 (xfer#4, to-check=49/87)\napp/purchase/pages/\napp/purchase/pages/order/\napp/purchase/pages/order/index.vue\n        3095  19%  431.78kB/s    0:00:00\r       15709 100%    1.87MB/s    0:00:00 (xfer#5, to-check=45/87)\napp/purchase/static/\napp/purchase/static/image/\napp/purchase/unpackage/\napp/purchase/unpackage/dist/\napp/purchase/unpackage/dist/build/\napp/purchase/unpackage/dist/build/h5/\napp/purchase/unpackage/dist/build/h5/index.html\n        1090 100%  118.27kB/s    0:00:00\r        1090 100%  118.27kB/s    0:00:00 (xfer#6, to-check=34/87)\napp/purchase/unpackage/dist/build/h5/static/\napp/purchase/unpackage/dist/build/h5/static/image/\napp/purchase/unpackage/dist/build/h5/static/image/edit.png\n         270 100%   29.30kB/s    0:00:00\r         270 100%   29.30kB/s    0:00:00 (xfer#7, to-check=29/87)\napp/purchase/unpackage/dist/build/h5/static/image/edit@2x.png\n         590 100%   64.02kB/s    0:00:00\r         590 100%   64.02kB/s    0:00:00 (xfer#8, to-check=28/87)\napp/purchase/unpackage/dist/build/h5/static/image/u51.png\n       32768  25%    2.84MB/s    0:00:00\r      127658 100%    7.16MB/s    0:00:00 (xfer#9, to-check=27/87)\napp/purchase/unpackage/dist/build/h5/static/js/\napp/purchase/unpackage/dist/build/h5/static/js/chunk-vendors.0a7b77e4.js\n       32768   5%    1.64MB/s    0:00:00\r      548422 100%    9.51MB/s    0:00:00 (xfer#10, to-check=25/87)\napp/purchase/unpackage/dist/build/h5/static/js/index.a667e2ef.js\n       32768  52%  561.40kB/s    0:00:00\r       62795 100%    1.03MB/s    0:00:00 (xfer#11, to-check=24/87)\napp/purchase/unpackage/dist/build/h5/static/js/pages-order-index.5496d492.js\n       32768  77%  542.37kB/s    0:00:00\r       42171 100%  686.38kB/s    0:00:00 (xfer#12, to-check=23/87)\napp/tracesource/\nconfig/\nconfig/download.config.js\n          68 100%    1.11kB/s    0:00:00\r          68 100%    1.11kB/s    0:00:00 (xfer#13, to-check=19/87)\ncss/\nimg/\nimg/download/\njs/\nstatic/\nstatic/js/\n\nsent 359463 bytes  received 1212 bytes  80150.00 bytes/sec\ntotal size is 4015385  speedup is 11.13\n',1,3),(9,'2020-08-14 19:32:26','2020-08-14 19:32:46',NULL,'超级管理员','超级管理员','超级管理员','超级管理员',1,'v1.2.0.20200323','sadfsdf ','./resource/gittemp/3-h9-1.0/',3,'==========================主机开始同步文件: 96.45.183.49=========================\nbuilding file list ... \n 0 files...\r79 files to consider\ndeleting app/purchase/common/wxqrcode.js\ndeleting app/purchase/common/qrcode.js\ndeleting app/purchase/unpackage/dist/build/h5/static/js/pages-order-index.5496d492.js\ndeleting app/purchase/unpackage/dist/build/h5/static/js/index.a667e2ef.js\ndeleting app/purchase/unpackage/dist/build/h5/static/js/chunk-vendors.0a7b77e4.js\ndeleting app/purchase/unpackage/dist/build/h5/static/js/\ndeleting app/purchase/unpackage/dist/build/h5/static/image/u51.png\ndeleting app/purchase/unpackage/dist/build/h5/static/image/edit@2x.png\ndeleting app/purchase/unpackage/dist/build/h5/static/image/edit.png\ndeleting app/purchase/unpackage/dist/build/h5/static/image/\n./\napp/\napp/download/\napp/download/ios.html\n        1401  27%    0.00kB/s    0:00:00\r        5087 100%    3.52MB/s    0:00:00 (xfer#1, to-check=69/79)\napp/purchase/\napp/purchase/manifest.json\n         700  21%  683.59kB/s    0:00:00\r        3316 100%    3.16MB/s    0:00:00 (xfer#2, to-check=65/79)\napp/purchase/common/\napp/purchase/components/\napp/purchase/components/uni-popup/\napp/purchase/node_modules/\napp/purchase/node_modules/qrcodejs2/\napp/purchase/node_modules/qrcodejs2/qrcode.js\n         700   2%  341.80kB/s    0:00:00\r       33277 100%   10.58MB/s    0:00:00 (xfer#3, to-check=43/79)\napp/purchase/pages/\napp/purchase/pages/order/\napp/purchase/pages/order/index.vue\n        8953  63%    2.13MB/s    0:00:00\r       14088 100%    3.36MB/s    0:00:00 (xfer#4, to-check=39/79)\napp/purchase/static/\napp/purchase/static/image/\napp/purchase/unpackage/\napp/purchase/unpackage/dist/\napp/purchase/unpackage/dist/build/\napp/purchase/unpackage/dist/build/h5/\napp/purchase/unpackage/dist/build/h5/index.html\n         970 100%  236.82kB/s    0:00:00\r         970 100%  236.82kB/s    0:00:00 (xfer#5, to-check=28/79)\napp/purchase/unpackage/dist/build/h5/static/\napp/supplier/\napp/supplier/index.html\n       20570 100%    3.27MB/s    0:00:00\r       20570 100%    3.27MB/s    0:00:00 (xfer#6, to-check=23/79)\napp/tracesource/\nconfig/\nconfig/download.config.js\n          63 100%   10.25kB/s    0:00:00\r          63 100%   10.25kB/s    0:00:00 (xfer#7, to-check=19/79)\ncss/\nimg/\nimg/download/\njs/\nstatic/\nstatic/js/\n\nsent 16263 bytes  received 1128 bytes  2675.54 bytes/sec\ntotal size is 3171724  speedup is 182.38\n',1,3),(10,'2020-08-14 19:34:40','2020-08-14 19:54:09',NULL,'超级管理员','超级管理员','超级管理员','超级管理员',1.1,'v1.0.0','9080909','./resource/gittemp/3-h9-1.1/',3,'==========================主机开始同步文件: 96.45.183.49=========================\nbuilding file list ... \n 0 files...\r87 files to consider\ndeleting app/supplier/index.html\ndeleting app/supplier/\n./\napp/\napp/download/\napp/download/ios.html\n        1399  27%    0.00kB/s    0:00:00\r        5081 100%    3.51MB/s    0:00:00 (xfer#1, to-check=77/87)\napp/purchase/\napp/purchase/manifest.json\n         700  20%  683.59kB/s    0:00:00\r        3410 100%    3.25MB/s    0:00:00 (xfer#2, to-check=73/87)\napp/purchase/common/\napp/purchase/common/qrcode.js\n       32768  98%   31.25MB/s    0:00:00\r       33268 100%   31.73MB/s    0:00:00 (xfer#3, to-check=68/87)\napp/purchase/common/wxqrcode.js\n       32768  69%   15.62MB/s    0:00:00\r       47232 100%   22.52MB/s    0:00:00 (xfer#4, to-check=66/87)\napp/purchase/components/\napp/purchase/components/uni-popup/\napp/purchase/node_modules/\napp/purchase/node_modules/qrcodejs2/\napp/purchase/node_modules/qrcodejs2/qrcode.js\n         700   2%  227.86kB/s    0:00:00\r       33268 100%   10.58MB/s    0:00:00 (xfer#5, to-check=49/87)\napp/purchase/pages/\napp/purchase/pages/order/\napp/purchase/pages/order/index.vue\n        3095  19% 1007.49kB/s    0:00:00\r       15709 100%    4.99MB/s    0:00:00 (xfer#6, to-check=45/87)\napp/purchase/static/\napp/purchase/static/image/\napp/purchase/unpackage/\napp/purchase/unpackage/dist/\napp/purchase/unpackage/dist/build/\napp/purchase/unpackage/dist/build/h5/\napp/purchase/unpackage/dist/build/h5/index.html\n        1090 100%  266.11kB/s    0:00:00\r        1090 100%  266.11kB/s    0:00:00 (xfer#7, to-check=34/87)\napp/purchase/unpackage/dist/build/h5/static/\napp/purchase/unpackage/dist/build/h5/static/image/\napp/purchase/unpackage/dist/build/h5/static/image/edit.png\n         270 100%   65.92kB/s    0:00:00\r         270 100%   65.92kB/s    0:00:00 (xfer#8, to-check=29/87)\napp/purchase/unpackage/dist/build/h5/static/image/edit@2x.png\n         590 100%  144.04kB/s    0:00:00\r         590 100%  144.04kB/s    0:00:00 (xfer#9, to-check=28/87)\napp/purchase/unpackage/dist/build/h5/static/image/u51.png\n       32768  25%    6.25MB/s    0:00:00\r      127658 100%   15.22MB/s    0:00:00 (xfer#10, to-check=27/87)\napp/purchase/unpackage/dist/build/h5/static/js/\napp/purchase/unpackage/dist/build/h5/static/js/chunk-vendors.0a7b77e4.js\n       32768   5%    3.47MB/s    0:00:00\r      548422 100%   18.04MB/s    0:00:00 (xfer#11, to-check=25/87)\napp/purchase/unpackage/dist/build/h5/static/js/index.a667e2ef.js\n       32768  52%    1.01MB/s    0:00:00\r       62795 100%    1.87MB/s    0:00:00 (xfer#12, to-check=24/87)\napp/purchase/unpackage/dist/build/h5/static/js/pages-order-index.5496d492.js\n       32768  77%  969.70kB/s    0:00:00\r       42171 100%    1.22MB/s    0:00:00 (xfer#13, to-check=23/87)\napp/tracesource/\nconfig/\nconfig/download.config.js\n          68 100%    2.01kB/s    0:00:00\r          68 100%    2.01kB/s    0:00:00 (xfer#14, to-check=19/87)\ncss/\nimg/\nimg/download/\njs/\nstatic/\nstatic/js/\n\nsent 360545 bytes  received 1276 bytes  34459.14 bytes/sec\ntotal size is 4015385  speedup is 11.10\n',1,3),(11,'2020-08-16 16:16:41','2020-08-16 16:32:26',NULL,'超级管理员','','','',1.1,'v1.0.0','阿斯顿发生','./resource/gittemp/3-h9-1.1/',5,'',1,3);
/*!40000 ALTER TABLE `deploy_onlines` ENABLE KEYS */;
UNLOCK TABLES;

--
-- Table structure for table `deploy_projects`
--

DROP TABLE IF EXISTS `deploy_projects`;
/*!40101 SET @saved_cs_client     = @@character_set_client */;
/*!40101 SET character_set_client = utf8 */;
CREATE TABLE `deploy_projects` (
  `id` int(11) NOT NULL AUTO_INCREMENT,
  `name` varchar(255) DEFAULT NULL,
  `git_url` longtext DEFAULT NULL,
  `directory` varchar(255) DEFAULT NULL,
  `ignore_files` longtext DEFAULT NULL,
  `release_version` double DEFAULT NULL,
  `reservedversion` int(11) DEFAULT NULL,
  `environment_id` int(11) DEFAULT NULL,
  PRIMARY KEY (`id`)
) ENGINE=InnoDB AUTO_INCREMENT=4 DEFAULT CHARSET=utf8mb4;
/*!40101 SET character_set_client = @saved_cs_client */;

--
-- Dumping data for table `deploy_projects`
--

LOCK TABLES `deploy_projects` WRITE;
/*!40000 ALTER TABLE `deploy_projects` DISABLE KEYS */;
INSERT INTO `deploy_projects` VALUES (1,'h7','http://git.wjh.com/web/h5.git','/data/web/h7/','.git',0.6,3,2),(2,'h8','http://git.wjh.com/web/h5.git','/data/web/h8/','.git',0.3,3,2),(3,'h9','http://git.wjh.com/web/h5.git','/data/web/h9/','.git',1,3,4);
/*!40000 ALTER TABLE `deploy_projects` ENABLE KEYS */;
UNLOCK TABLES;

--
-- Table structure for table `deploy_rollbacks`
--

DROP TABLE IF EXISTS `deploy_rollbacks`;
/*!40101 SET @saved_cs_client     = @@character_set_client */;
/*!40101 SET character_set_client = utf8 */;
CREATE TABLE `deploy_rollbacks` (
  `id` int(10) unsigned NOT NULL AUTO_INCREMENT,
  `created_at` datetime DEFAULT NULL,
  `updated_at` datetime DEFAULT NULL,
  `deleted_at` datetime DEFAULT NULL,
  `release_version` double DEFAULT NULL,
  `after_version` double DEFAULT NULL,
  `aperator` varchar(255) DEFAULT NULL,
  `describe` longtext DEFAULT NULL,
  `result` longtext DEFAULT NULL,
  `status` int(11) DEFAULT NULL,
  `deploy_project_id` int(11) DEFAULT NULL,
  PRIMARY KEY (`id`),
  KEY `idx_deploy_rollbacks_deleted_at` (`deleted_at`)
) ENGINE=InnoDB AUTO_INCREMENT=11 DEFAULT CHARSET=utf8mb4;
/*!40101 SET character_set_client = @saved_cs_client */;

--
-- Dumping data for table `deploy_rollbacks`
--

LOCK TABLES `deploy_rollbacks` WRITE;
/*!40000 ALTER TABLE `deploy_rollbacks` DISABLE KEYS */;
INSERT INTO `deploy_rollbacks` VALUES (1,'2020-08-13 17:49:45','2020-08-13 17:49:45',NULL,0.4,0.2,'超级管理员','989','',1,2),(2,'2020-08-13 18:02:23','2020-08-13 18:02:23',NULL,0.2,0.3,'超级管理员','54热热儿','',1,2),(3,'2020-08-13 18:03:44','2020-08-13 18:03:44',NULL,0.3,0.2,'超级管理员','asfdasdf','',1,2),(4,'2020-08-13 18:05:40','2020-08-13 18:05:40',NULL,0.2,0.3,'超级管理员','dsfasdfasd','',1,2),(5,'2020-08-13 18:06:55','2020-08-13 18:06:55',NULL,0.3,0.2,'超级管理员','dfasdfasdf','==========================主机开始同步文件: 192.168.2.35=========================\nbuilding file list ... \n 0 files...\r79 files to consider\ndeleting app/purchase/common/wxqrcode.js\ndeleting app/purchase/common/qrcode.js\ndeleting app/purchase/unpackage/dist/build/h5/static/js/pages-order-index.5496d492.js\ndeleting app/purchase/unpackage/dist/build/h5/static/js/index.a667e2ef.js\ndeleting app/purchase/unpackage/dist/build/h5/static/js/chunk-vendors.0a7b77e4.js\ndeleting app/purchase/unpackage/dist/build/h5/static/js/\ndeleting app/purchase/unpackage/dist/build/h5/static/image/u51.png\ndeleting app/purchase/unpackage/dist/build/h5/static/image/edit@2x.png\ndeleting app/purchase/unpackage/dist/build/h5/static/image/edit.png\ndeleting app/purchase/unpackage/dist/build/h5/static/image/\n./\napp/\napp/download/\napp/download/ios.html\n        1401  27%    0.00kB/s    0:00:00\r        5087 100%    3.52MB/s    0:00:00 (xfer#1, to-check=69/79)\napp/purchase/\napp/purchase/manifest.json\n         700  21%  683.59kB/s    0:00:00\r        3316 100%    3.16MB/s    0:00:00 (xfer#2, to-check=65/79)\napp/purchase/common/\napp/purchase/components/\napp/purchase/components/uni-popup/\napp/purchase/node_modules/\napp/purchase/node_modules/qrcodejs2/\napp/purchase/node_modules/qrcodejs2/qrcode.js\n         700   2%  683.59kB/s    0:00:00\r       33277 100%   15.87MB/s    0:00:00 (xfer#3, to-check=43/79)\napp/purchase/pages/\napp/purchase/pages/order/\napp/purchase/pages/order/index.vue\n        8953  63%    2.85MB/s    0:00:00\r       14088 100%    4.48MB/s    0:00:00 (xfer#4, to-check=39/79)\napp/purchase/static/\napp/purchase/static/image/\napp/purchase/unpackage/\napp/purchase/unpackage/dist/\napp/purchase/unpackage/dist/build/\napp/purchase/unpackage/dist/build/h5/\napp/purchase/unpackage/dist/build/h5/index.html\n         970 100%  315.76kB/s    0:00:00\r         970 100%  315.76kB/s    0:00:00 (xfer#5, to-check=28/79)\napp/purchase/unpackage/dist/build/h5/static/\napp/supplier/\napp/supplier/index.html\n       20570 100%    4.90MB/s    0:00:00\r       20570 100%    4.90MB/s    0:00:00 (xfer#6, to-check=23/79)\napp/tracesource/\nconfig/\nconfig/download.config.js\n          63 100%   15.38kB/s    0:00:00\r          63 100%   15.38kB/s    0:00:00 (xfer#7, to-check=19/79)\ncss/\nimg/\nimg/download/\njs/\nstatic/\nstatic/js/\n\nsent 16263 bytes  received 1128 bytes  34782.00 bytes/sec\ntotal size is 3171724  speedup is 182.38\n',1,2),(6,'2020-08-13 18:19:35','2020-08-13 18:19:55',NULL,0.3,0.2,'超级管理员','啊发送到发送到','==========================主机开始同步文件: 192.168.2.35=========================\nbuilding file list ... \n 0 files...\r87 files to consider\ndeleting app/supplier/index.html\ndeleting app/supplier/\n./\napp/\napp/download/\napp/purchase/\napp/purchase/manifest.json\n         700  20%    0.00kB/s    0:00:00\r        3410 100%    2.58MB/s    0:00:00 (xfer#1, to-check=73/87)\napp/purchase/common/\napp/purchase/common/qrcode.js\n       32768  98%   31.25MB/s    0:00:00\r       33268 100%   31.73MB/s    0:00:00 (xfer#2, to-check=68/87)\napp/purchase/common/wxqrcode.js\n       32768  69%   15.62MB/s    0:00:00\r       47232 100%   15.01MB/s    0:00:00 (xfer#3, to-check=66/87)\napp/purchase/components/\napp/purchase/components/uni-popup/\napp/purchase/node_modules/\napp/purchase/node_modules/qrcodejs2/\napp/purchase/node_modules/qrcodejs2/qrcode.js\n         700   2%  227.86kB/s    0:00:00\r       33268 100%    7.93MB/s    0:00:00 (xfer#4, to-check=49/87)\napp/purchase/pages/\napp/purchase/pages/order/\napp/purchase/pages/order/index.vue\n        3095  19%  755.62kB/s    0:00:00\r       15709 100%    3.00MB/s    0:00:00 (xfer#5, to-check=45/87)\napp/purchase/static/\napp/purchase/static/image/\napp/purchase/unpackage/\napp/purchase/unpackage/dist/\napp/purchase/unpackage/dist/build/\napp/purchase/unpackage/dist/build/h5/\napp/purchase/unpackage/dist/build/h5/index.html\n        1090 100%  212.89kB/s    0:00:00\r        1090 100%  212.89kB/s    0:00:00 (xfer#6, to-check=34/87)\napp/purchase/unpackage/dist/build/h5/static/\napp/purchase/unpackage/dist/build/h5/static/image/\napp/purchase/unpackage/dist/build/h5/static/image/edit.png\n         270 100%   52.73kB/s    0:00:00\r         270 100%   52.73kB/s    0:00:00 (xfer#7, to-check=29/87)\napp/purchase/unpackage/dist/build/h5/static/image/edit@2x.png\n         590 100%  115.23kB/s    0:00:00\r         590 100%  115.23kB/s    0:00:00 (xfer#8, to-check=28/87)\napp/purchase/unpackage/dist/build/h5/static/image/u51.png\n       32768  25%    5.21MB/s    0:00:00\r      127658 100%   12.17MB/s    0:00:00 (xfer#9, to-check=27/87)\napp/purchase/unpackage/dist/build/h5/static/js/\napp/purchase/unpackage/dist/build/h5/static/js/chunk-vendors.0a7b77e4.js\n       32768   5%    2.84MB/s    0:00:00\r      548422 100%   17.43MB/s    0:00:00 (xfer#10, to-check=25/87)\napp/purchase/unpackage/dist/build/h5/static/js/index.a667e2ef.js\n       32768  52%    1.01MB/s    0:00:00\r       62795 100%    1.87MB/s    0:00:00 (xfer#11, to-check=24/87)\napp/purchase/unpackage/dist/build/h5/static/js/pages-order-index.5496d492.js\n       32768  77% 1000.00kB/s    0:00:00\r       42171 100%    1.22MB/s    0:00:00 (xfer#12, to-check=23/87)\napp/tracesource/\nconfig/\nconfig/download.config.js\n          68 100%    2.01kB/s    0:00:00\r          68 100%    2.01kB/s    0:00:00 (xfer#13, to-check=19/87)\ncss/\nimg/\nimg/download/\njs/\nstatic/\nstatic/js/\n\nsent 359463 bytes  received 1212 bytes  240450.00 bytes/sec\ntotal size is 4015385  speedup is 11.13\n==========================主机开始同步文件: 96.45.183.49=========================\nbuilding file list ... \n 0 files...\r87 files to consider\ndeleting app/supplier/index.html\ndeleting app/supplier/\n./\napp/\napp/download/\napp/purchase/\napp/purchase/manifest.json\n         700  20%    0.00kB/s    0:00:00\r        3410 100%    2.58MB/s    0:00:00 (xfer#1, to-check=73/87)\napp/purchase/common/\napp/purchase/common/qrcode.js\n       32768  98%   15.62MB/s    0:00:00\r       33268 100%   10.58MB/s    0:00:00 (xfer#2, to-check=68/87)\napp/purchase/common/wxqrcode.js\n       32768  69%    7.81MB/s    0:00:00\r       47232 100%    7.51MB/s    0:00:00 (xfer#3, to-check=66/87)\napp/purchase/components/\napp/purchase/components/uni-popup/\napp/purchase/node_modules/\napp/purchase/node_modules/qrcodejs2/\napp/purchase/node_modules/qrcodejs2/qrcode.js\n         700   2%   97.66kB/s    0:00:00\r       33268 100%    3.97MB/s    0:00:00 (xfer#4, to-check=49/87)\napp/purchase/pages/\napp/purchase/pages/order/\napp/purchase/pages/order/index.vue\n        3095  19%  377.81kB/s    0:00:00\r       15709 100%    1.66MB/s    0:00:00 (xfer#5, to-check=45/87)\napp/purchase/static/\napp/purchase/static/image/\napp/purchase/unpackage/\napp/purchase/unpackage/dist/\napp/purchase/unpackage/dist/build/\napp/purchase/unpackage/dist/build/h5/\napp/purchase/unpackage/dist/build/h5/index.html\n        1090 100%  106.45kB/s    0:00:00\r        1090 100%  106.45kB/s    0:00:00 (xfer#6, to-check=34/87)\napp/purchase/unpackage/dist/build/h5/static/\napp/purchase/unpackage/dist/build/h5/static/image/\napp/purchase/unpackage/dist/build/h5/static/image/edit.png\n         270 100%   23.97kB/s    0:00:00\r         270 100%   23.97kB/s    0:00:00 (xfer#7, to-check=29/87)\napp/purchase/unpackage/dist/build/h5/static/image/edit@2x.png\n         590 100%   52.38kB/s    0:00:00\r         590 100%   52.38kB/s    0:00:00 (xfer#8, to-check=28/87)\napp/purchase/unpackage/dist/build/h5/static/image/u51.png\n       32768  25%    2.40MB/s    0:00:00\r      127658 100%    6.09MB/s    0:00:00 (xfer#9, to-check=27/87)\napp/purchase/unpackage/dist/build/h5/static/js/\napp/purchase/unpackage/dist/build/h5/static/js/chunk-vendors.0a7b77e4.js\n       32768   5%    1.36MB/s    0:00:00\r      548422 100%    7.69MB/s    0:00:00 (xfer#10, to-check=25/87)\napp/purchase/unpackage/dist/build/h5/static/js/index.a667e2ef.js\n       32768  52%  457.14kB/s    0:00:00\r       62795 100%  851.71kB/s    0:00:00 (xfer#11, to-check=24/87)\napp/purchase/unpackage/dist/build/h5/static/js/pages-order-index.5496d492.js\n       32768  77%  432.43kB/s    0:00:00\r       42171 100%  549.10kB/s    0:00:00 (xfer#12, to-check=23/87)\napp/tracesource/\nconfig/\nconfig/download.config.js\n          68 100%    0.89kB/s    0:00:00\r          68 100%    0.89kB/s    0:00:00 (xfer#13, to-check=19/87)\ncss/\nimg/\nimg/download/\njs/\nstatic/\nstatic/js/\n\nsent 359463 bytes  received 1212 bytes  18496.15 bytes/sec\ntotal size is 4015385  speedup is 11.13\n',1,1),(7,'2020-08-13 18:22:00','2020-08-13 18:22:04',NULL,0.2,0.3,'超级管理员','阿斯顿发生地方','==========================主机开始同步文件: 192.168.2.35=========================\nbuilding file list ... \n 0 files...\r79 files to consider\ndeleting app/purchase/common/wxqrcode.js\ndeleting app/purchase/common/qrcode.js\ndeleting app/purchase/unpackage/dist/build/h5/static/js/pages-order-index.5496d492.js\ndeleting app/purchase/unpackage/dist/build/h5/static/js/index.a667e2ef.js\ndeleting app/purchase/unpackage/dist/build/h5/static/js/chunk-vendors.0a7b77e4.js\ndeleting app/purchase/unpackage/dist/build/h5/static/js/\ndeleting app/purchase/unpackage/dist/build/h5/static/image/u51.png\ndeleting app/purchase/unpackage/dist/build/h5/static/image/edit@2x.png\ndeleting app/purchase/unpackage/dist/build/h5/static/image/edit.png\ndeleting app/purchase/unpackage/dist/build/h5/static/image/\n./\napp/\napp/download/\napp/purchase/\napp/purchase/manifest.json\n         700  21%    0.00kB/s    0:00:00\r        3316 100%    2.49MB/s    0:00:00 (xfer#1, to-check=65/79)\napp/purchase/common/\napp/purchase/components/\napp/purchase/components/uni-popup/\napp/purchase/node_modules/\napp/purchase/node_modules/qrcodejs2/\napp/purchase/node_modules/qrcodejs2/qrcode.js\n         700   2%  683.59kB/s    0:00:00\r       33277 100%   31.74MB/s    0:00:00 (xfer#2, to-check=43/79)\napp/purchase/pages/\napp/purchase/pages/order/\napp/purchase/pages/order/index.vue\n        8953  63%    8.54MB/s    0:00:00\r       14088 100%    6.72MB/s    0:00:00 (xfer#3, to-check=39/79)\napp/purchase/static/\napp/purchase/static/image/\napp/purchase/unpackage/\napp/purchase/unpackage/dist/\napp/purchase/unpackage/dist/build/\napp/purchase/unpackage/dist/build/h5/\napp/purchase/unpackage/dist/build/h5/index.html\n         970 100%  473.63kB/s    0:00:00\r         970 100%  473.63kB/s    0:00:00 (xfer#4, to-check=28/79)\napp/purchase/unpackage/dist/build/h5/static/\napp/supplier/\napp/supplier/index.html\n       20570 100%    6.54MB/s    0:00:00\r       20570 100%    6.54MB/s    0:00:00 (xfer#5, to-check=23/79)\napp/tracesource/\nconfig/\nconfig/download.config.js\n          71 100%   23.11kB/s    0:00:00\r          71 100%   23.11kB/s    0:00:00 (xfer#6, to-check=19/79)\ncss/\nimg/\nimg/download/\njs/\nstatic/\nstatic/js/\n\nsent 15197 bytes  received 1064 bytes  32522.00 bytes/sec\ntotal size is 3171726  speedup is 195.05\n==========================主机开始同步文件: 96.45.183.49=========================\nbuilding file list ... \n 0 files...\r79 files to consider\ndeleting app/purchase/common/wxqrcode.js\ndeleting app/purchase/common/qrcode.js\ndeleting app/purchase/unpackage/dist/build/h5/static/js/pages-order-index.5496d492.js\ndeleting app/purchase/unpackage/dist/build/h5/static/js/index.a667e2ef.js\ndeleting app/purchase/unpackage/dist/build/h5/static/js/chunk-vendors.0a7b77e4.js\ndeleting app/purchase/unpackage/dist/build/h5/static/js/\ndeleting app/purchase/unpackage/dist/build/h5/static/image/u51.png\ndeleting app/purchase/unpackage/dist/build/h5/static/image/edit@2x.png\ndeleting app/purchase/unpackage/dist/build/h5/static/image/edit.png\ndeleting app/purchase/unpackage/dist/build/h5/static/image/\n./\napp/\napp/download/\napp/purchase/\napp/purchase/manifest.json\n         700  21%    0.00kB/s    0:00:00\r        3316 100%    2.49MB/s    0:00:00 (xfer#1, to-check=65/79)\napp/purchase/common/\napp/purchase/components/\napp/purchase/components/uni-popup/\napp/purchase/node_modules/\napp/purchase/node_modules/qrcodejs2/\napp/purchase/node_modules/qrcodejs2/qrcode.js\n         700   2%  683.59kB/s    0:00:00\r       33277 100%   31.74MB/s    0:00:00 (xfer#2, to-check=43/79)\napp/purchase/pages/\napp/purchase/pages/order/\napp/purchase/pages/order/index.vue\n        8953  63%    8.54MB/s    0:00:00\r       14088 100%    6.72MB/s    0:00:00 (xfer#3, to-check=39/79)\napp/purchase/static/\napp/purchase/static/image/\napp/purchase/unpackage/\napp/purchase/unpackage/dist/\napp/purchase/unpackage/dist/build/\napp/purchase/unpackage/dist/build/h5/\napp/purchase/unpackage/dist/build/h5/index.html\n         970 100%  473.63kB/s    0:00:00\r         970 100%  473.63kB/s    0:00:00 (xfer#4, to-check=28/79)\napp/purchase/unpackage/dist/build/h5/static/\napp/supplier/\napp/supplier/index.html\n       20570 100%    6.54MB/s    0:00:00\r       20570 100%    6.54MB/s    0:00:00 (xfer#5, to-check=23/79)\napp/tracesource/\nconfig/\nconfig/download.config.js\n          71 100%   23.11kB/s    0:00:00\r          71 100%   23.11kB/s    0:00:00 (xfer#6, to-check=19/79)\ncss/\nimg/\nimg/download/\njs/\nstatic/\nstatic/js/\n\nsent 15197 bytes  received 1064 bytes  3613.56 bytes/sec\ntotal size is 3171726  speedup is 195.05\n',1,1),(8,'2020-08-13 18:27:43','2020-08-13 18:27:48',NULL,0.4,0.3,'超级管理员','到发撒地方','==========================主机开始同步文件: 192.168.2.35=========================\nbuilding file list ... \n 0 files...\r79 files to consider\n./\napp/\napp/download/\napp/download/ios.html\n        1399  27%    0.00kB/s    0:00:00\r        5081 100%    3.51MB/s    0:00:00 (xfer#1, to-check=69/79)\napp/purchase/\napp/purchase/common/\napp/purchase/components/\napp/purchase/components/uni-popup/\napp/purchase/node_modules/\napp/purchase/node_modules/qrcodejs2/\napp/purchase/pages/\napp/purchase/pages/order/\napp/purchase/static/\napp/purchase/static/image/\napp/purchase/unpackage/\napp/purchase/unpackage/dist/\napp/purchase/unpackage/dist/build/\napp/purchase/unpackage/dist/build/h5/\napp/purchase/unpackage/dist/build/h5/static/\napp/supplier/\napp/tracesource/\nconfig/\nconfig/download.config.js\n          71 100%   69.34kB/s    0:00:00\r          71 100%   69.34kB/s    0:00:00 (xfer#2, to-check=19/79)\ncss/\nimg/\nimg/download/\njs/\nstatic/\nstatic/js/\n\nsent 4117 bytes  received 580 bytes  3131.33 bytes/sec\ntotal size is 3171726  speedup is 675.27\n==========================主机开始同步文件: 96.45.183.49=========================\nbuilding file list ... \n 0 files...\r79 files to consider\n./\napp/\napp/download/\napp/download/ios.html\n        1399  27%    0.00kB/s    0:00:00\r        5081 100%    3.51MB/s    0:00:00 (xfer#1, to-check=69/79)\napp/purchase/\napp/purchase/common/\napp/purchase/components/\napp/purchase/components/uni-popup/\napp/purchase/node_modules/\napp/purchase/node_modules/qrcodejs2/\napp/purchase/pages/\napp/purchase/pages/order/\napp/purchase/static/\napp/purchase/static/image/\napp/purchase/unpackage/\napp/purchase/unpackage/dist/\napp/purchase/unpackage/dist/build/\napp/purchase/unpackage/dist/build/h5/\napp/purchase/unpackage/dist/build/h5/static/\napp/supplier/\napp/tracesource/\nconfig/\nconfig/download.config.js\n          71 100%   69.34kB/s    0:00:00\r          71 100%   69.34kB/s    0:00:00 (xfer#2, to-check=19/79)\ncss/\nimg/\nimg/download/\njs/\nstatic/\nstatic/js/\n\nsent 4117 bytes  received 580 bytes  1342.00 bytes/sec\ntotal size is 3171726  speedup is 675.27\n',1,1),(9,'2020-08-13 18:30:11','2020-08-13 18:30:12',NULL,0.2,0.3,'超级管理员','发送到发送','==========================主机开始同步文件: 192.168.2.35=========================\nbuilding file list ... \n 0 files...\r87 files to consider\ndeleting app/supplier/index.html\ndeleting app/supplier/\n./\napp/\napp/download/\napp/download/ios.html\n        1399  27%    0.00kB/s    0:00:00\r        5081 100%    3.51MB/s    0:00:00 (xfer#1, to-check=77/87)\napp/purchase/\napp/purchase/manifest.json\n         700  20%  683.59kB/s    0:00:00\r        3410 100%    3.25MB/s    0:00:00 (xfer#2, to-check=73/87)\napp/purchase/common/\napp/purchase/common/qrcode.js\n       32768  98%   31.25MB/s    0:00:00\r       33268 100%   31.73MB/s    0:00:00 (xfer#3, to-check=68/87)\napp/purchase/common/wxqrcode.js\n       32768  69%   15.62MB/s    0:00:00\r       47232 100%   15.01MB/s    0:00:00 (xfer#4, to-check=66/87)\napp/purchase/components/\napp/purchase/components/uni-popup/\napp/purchase/node_modules/\napp/purchase/node_modules/qrcodejs2/\napp/purchase/node_modules/qrcodejs2/qrcode.js\n         700   2%  227.86kB/s    0:00:00\r       33268 100%   10.58MB/s    0:00:00 (xfer#5, to-check=49/87)\napp/purchase/pages/\napp/purchase/pages/order/\napp/purchase/pages/order/index.vue\n        3095  19%  755.62kB/s    0:00:00\r       15709 100%    3.00MB/s    0:00:00 (xfer#6, to-check=45/87)\napp/purchase/static/\napp/purchase/static/image/\napp/purchase/unpackage/\napp/purchase/unpackage/dist/\napp/purchase/unpackage/dist/build/\napp/purchase/unpackage/dist/build/h5/\napp/purchase/unpackage/dist/build/h5/index.html\n        1090 100%  212.89kB/s    0:00:00\r        1090 100%  212.89kB/s    0:00:00 (xfer#7, to-check=34/87)\napp/purchase/unpackage/dist/build/h5/static/\napp/purchase/unpackage/dist/build/h5/static/image/\napp/purchase/unpackage/dist/build/h5/static/image/edit.png\n         270 100%   43.95kB/s    0:00:00\r         270 100%   43.95kB/s    0:00:00 (xfer#8, to-check=29/87)\napp/purchase/unpackage/dist/build/h5/static/image/edit@2x.png\n         590 100%   96.03kB/s    0:00:00\r         590 100%   96.03kB/s    0:00:00 (xfer#9, to-check=28/87)\napp/purchase/unpackage/dist/build/h5/static/image/u51.png\n       32768  25%    4.46MB/s    0:00:00\r      127658 100%   12.17MB/s    0:00:00 (xfer#10, to-check=27/87)\napp/purchase/unpackage/dist/build/h5/static/js/\napp/purchase/unpackage/dist/build/h5/static/js/chunk-vendors.0a7b77e4.js\n       32768   5%    2.84MB/s    0:00:00\r      548422 100%   16.87MB/s    0:00:00 (xfer#11, to-check=25/87)\napp/purchase/unpackage/dist/build/h5/static/js/index.a667e2ef.js\n       32768  52% 1000.00kB/s    0:00:00\r       62795 100%    1.87MB/s    0:00:00 (xfer#12, to-check=24/87)\napp/purchase/unpackage/dist/build/h5/static/js/pages-order-index.5496d492.js\n       32768  77%  969.70kB/s    0:00:00\r       42171 100%    1.18MB/s    0:00:00 (xfer#13, to-check=23/87)\napp/tracesource/\nconfig/\nconfig/download.config.js\n          68 100%    1.95kB/s    0:00:00\r          68 100%    1.95kB/s    0:00:00 (xfer#14, to-check=19/87)\ncss/\nimg/\nimg/download/\njs/\nstatic/\nstatic/js/\n\nsent 360545 bytes  received 1276 bytes  241214.00 bytes/sec\ntotal size is 4015385  speedup is 11.10\n',1,2),(10,'2020-08-14 19:54:43','2020-08-14 19:54:47',NULL,1.1,1,'超级管理员','saasdfasd ','==========================主机开始同步文件: 96.45.183.49=========================\nbuilding file list ... \n 0 files...\r79 files to consider\ndeleting app/purchase/common/wxqrcode.js\ndeleting app/purchase/common/qrcode.js\ndeleting app/purchase/unpackage/dist/build/h5/static/js/pages-order-index.5496d492.js\ndeleting app/purchase/unpackage/dist/build/h5/static/js/index.a667e2ef.js\ndeleting app/purchase/unpackage/dist/build/h5/static/js/chunk-vendors.0a7b77e4.js\ndeleting app/purchase/unpackage/dist/build/h5/static/js/\ndeleting app/purchase/unpackage/dist/build/h5/static/image/u51.png\ndeleting app/purchase/unpackage/dist/build/h5/static/image/edit@2x.png\ndeleting app/purchase/unpackage/dist/build/h5/static/image/edit.png\ndeleting app/purchase/unpackage/dist/build/h5/static/image/\n./\napp/\napp/download/\napp/download/ios.html\n        1401  27%    0.00kB/s    0:00:00\r        5087 100%    3.52MB/s    0:00:00 (xfer#1, to-check=69/79)\napp/purchase/\napp/purchase/manifest.json\n         700  21%  683.59kB/s    0:00:00\r        3316 100%    3.16MB/s    0:00:00 (xfer#2, to-check=65/79)\napp/purchase/common/\napp/purchase/components/\napp/purchase/components/uni-popup/\napp/purchase/node_modules/\napp/purchase/node_modules/qrcodejs2/\napp/purchase/node_modules/qrcodejs2/qrcode.js\n         700   2%  683.59kB/s    0:00:00\r       33277 100%   31.74MB/s    0:00:00 (xfer#3, to-check=43/79)\napp/purchase/pages/\napp/purchase/pages/order/\napp/purchase/pages/order/index.vue\n        8953  63%    4.27MB/s    0:00:00\r       14088 100%    6.72MB/s    0:00:00 (xfer#4, to-check=39/79)\napp/purchase/static/\napp/purchase/static/image/\napp/purchase/unpackage/\napp/purchase/unpackage/dist/\napp/purchase/unpackage/dist/build/\napp/purchase/unpackage/dist/build/h5/\napp/purchase/unpackage/dist/build/h5/index.html\n         970 100%  315.76kB/s    0:00:00\r         970 100%  315.76kB/s    0:00:00 (xfer#5, to-check=28/79)\napp/purchase/unpackage/dist/build/h5/static/\napp/supplier/\napp/supplier/index.html\n       20570 100%    4.90MB/s    0:00:00\r       20570 100%    4.90MB/s    0:00:00 (xfer#6, to-check=23/79)\napp/tracesource/\nconfig/\nconfig/download.config.js\n          63 100%   15.38kB/s    0:00:00\r          63 100%   15.38kB/s    0:00:00 (xfer#7, to-check=19/79)\ncss/\nimg/\nimg/download/\njs/\nstatic/\nstatic/js/\n\nsent 16263 bytes  received 1128 bytes  3864.67 bytes/sec\ntotal size is 3171724  speedup is 182.38\n',1,3);
/*!40000 ALTER TABLE `deploy_rollbacks` ENABLE KEYS */;
UNLOCK TABLES;

--
-- Table structure for table `deploy_testings`
--

DROP TABLE IF EXISTS `deploy_testings`;
/*!40101 SET @saved_cs_client     = @@character_set_client */;
/*!40101 SET character_set_client = utf8 */;
CREATE TABLE `deploy_testings` (
  `id` int(10) unsigned NOT NULL AUTO_INCREMENT,
  `created_at` datetime DEFAULT NULL,
  `updated_at` datetime DEFAULT NULL,
  `deleted_at` datetime DEFAULT NULL,
  `applicant` varchar(255) DEFAULT NULL,
  `version` double DEFAULT NULL,
  `tag` varchar(255) DEFAULT NULL,
  `describe` longtext DEFAULT NULL,
  `path` longtext DEFAULT NULL,
  `status` int(11) DEFAULT NULL,
  `result` longtext DEFAULT NULL,
  `deploy_project_id` int(11) DEFAULT NULL,
  `isdelete` int(11) DEFAULT NULL,
  PRIMARY KEY (`id`),
  KEY `idx_deploy_testings_deleted_at` (`deleted_at`)
) ENGINE=InnoDB AUTO_INCREMENT=80 DEFAULT CHARSET=utf8mb4;
/*!40101 SET character_set_client = @saved_cs_client */;

--
-- Dumping data for table `deploy_testings`
--

LOCK TABLES `deploy_testings` WRITE;
/*!40000 ALTER TABLE `deploy_testings` DISABLE KEYS */;
INSERT INTO `deploy_testings` VALUES (70,'2020-08-13 15:07:35','2020-08-13 15:07:35',NULL,'超级管理员',0.2,'v1.0.0','fsdfasdf','./resource/gittemp/2-h8-0.2/',2,'==========================主机开始同步文件: 192.168.2.35=========================\nbuilding file list ... \n 0 files...\r87 files to consider\ndeleting app/supplier/index.html\ndeleting app/supplier/\n./\napp/\napp/download/\napp/download/ios.html\n        1399  27%    0.00kB/s    0:00:00\r        5081 100%    3.51MB/s    0:00:00 (xfer#1, to-check=77/87)\napp/purchase/\napp/purchase/manifest.json\n         700  20%  683.59kB/s    0:00:00\r        3410 100%    3.25MB/s    0:00:00 (xfer#2, to-check=73/87)\napp/purchase/common/\napp/purchase/common/qrcode.js\n       32768  98%    7.81MB/s    0:00:00\r       33268 100%    7.93MB/s    0:00:00 (xfer#3, to-check=68/87)\napp/purchase/common/wxqrcode.js\n       32768  69%    5.21MB/s    0:00:00\r       47232 100%    6.43MB/s    0:00:00 (xfer#4, to-check=66/87)\napp/purchase/components/\napp/purchase/components/uni-popup/\napp/purchase/node_modules/\napp/purchase/node_modules/qrcodejs2/\napp/purchase/node_modules/qrcodejs2/qrcode.js\n         700   2%   85.45kB/s    0:00:00\r       33268 100%    3.53MB/s    0:00:00 (xfer#5, to-check=49/87)\napp/purchase/pages/\napp/purchase/pages/order/\napp/purchase/pages/order/index.vue\n        3095  19%  335.83kB/s    0:00:00\r       15709 100%    1.50MB/s    0:00:00 (xfer#6, to-check=45/87)\napp/purchase/static/\napp/purchase/static/image/\napp/purchase/unpackage/\napp/purchase/unpackage/dist/\napp/purchase/unpackage/dist/build/\napp/purchase/unpackage/dist/build/h5/\napp/purchase/unpackage/dist/build/h5/index.html\n        1090 100%  106.45kB/s    0:00:00\r        1090 100%  106.45kB/s    0:00:00 (xfer#7, to-check=34/87)\napp/purchase/unpackage/dist/build/h5/static/\napp/purchase/unpackage/dist/build/h5/static/image/\napp/purchase/unpackage/dist/build/h5/static/image/edit.png\n         270 100%   23.97kB/s    0:00:00\r         270 100%   23.97kB/s    0:00:00 (xfer#8, to-check=29/87)\napp/purchase/unpackage/dist/build/h5/static/image/edit@2x.png\n         590 100%   52.38kB/s    0:00:00\r         590 100%   52.38kB/s    0:00:00 (xfer#9, to-check=28/87)\napp/purchase/unpackage/dist/build/h5/static/image/u51.png\n       32768  25%    2.40MB/s    0:00:00\r      127658 100%    6.41MB/s    0:00:00 (xfer#10, to-check=27/87)\napp/purchase/unpackage/dist/build/h5/static/js/\napp/purchase/unpackage/dist/build/h5/static/js/chunk-vendors.0a7b77e4.js\n       32768   5%    1.49MB/s    0:00:00\r      548422 100%    8.86MB/s    0:00:00 (xfer#11, to-check=25/87)\napp/purchase/unpackage/dist/build/h5/static/js/index.a667e2ef.js\n       32768  52%  524.59kB/s    0:00:00\r       62795 100%  989.08kB/s    0:00:00 (xfer#12, to-check=24/87)\napp/purchase/unpackage/dist/build/h5/static/js/pages-order-index.5496d492.js\n       32768  77%  500.00kB/s    0:00:00\r       42171 100%  633.58kB/s    0:00:00 (xfer#13, to-check=23/87)\napp/tracesource/\nconfig/\nconfig/download.config.js\n          68 100%    1.02kB/s    0:00:00\r          68 100%    1.02kB/s    0:00:00 (xfer#14, to-check=19/87)\ncss/\nimg/\nimg/download/\njs/\nstatic/\nstatic/js/\n\nsent 360545 bytes  received 1276 bytes  723642.00 bytes/sec\ntotal size is 4015385  speedup is 11.10\n',2,1),(71,'2020-08-13 15:10:40','2020-08-13 15:10:41',NULL,'超级管理员',0.2,'v1.2.1.20200402','fa s d fa s d','./resource/gittemp/2-h8-0.2/',1,'==========================主机开始同步文件: 192.168.2.35=========================\nbuilding file list ... \n 0 files...\r79 files to consider\ndeleting app/purchase/common/wxqrcode.js\ndeleting app/purchase/common/qrcode.js\ndeleting app/purchase/unpackage/dist/build/h5/static/js/pages-order-index.5496d492.js\ndeleting app/purchase/unpackage/dist/build/h5/static/js/index.a667e2ef.js\ndeleting app/purchase/unpackage/dist/build/h5/static/js/chunk-vendors.0a7b77e4.js\ndeleting app/purchase/unpackage/dist/build/h5/static/js/\ndeleting app/purchase/unpackage/dist/build/h5/static/image/u51.png\ndeleting app/purchase/unpackage/dist/build/h5/static/image/edit@2x.png\ndeleting app/purchase/unpackage/dist/build/h5/static/image/edit.png\ndeleting app/purchase/unpackage/dist/build/h5/static/image/\n./\napp/\napp/download/\napp/download/ios.html\n        1401  27%    0.00kB/s    0:00:00\r        5087 100%    3.52MB/s    0:00:00 (xfer#1, to-check=69/79)\napp/purchase/\napp/purchase/manifest.json\n         700  21%  683.59kB/s    0:00:00\r        3316 100%    3.16MB/s    0:00:00 (xfer#2, to-check=65/79)\napp/purchase/common/\napp/purchase/components/\napp/purchase/components/uni-popup/\napp/purchase/node_modules/\napp/purchase/node_modules/qrcodejs2/\napp/purchase/node_modules/qrcodejs2/qrcode.js\n         700   2%  227.86kB/s    0:00:00\r       33277 100%    7.93MB/s    0:00:00 (xfer#3, to-check=43/79)\napp/purchase/pages/\napp/purchase/pages/order/\napp/purchase/pages/order/index.vue\n        8953  63%    1.42MB/s    0:00:00\r       14088 100%    2.24MB/s    0:00:00 (xfer#4, to-check=39/79)\napp/purchase/static/\napp/purchase/static/image/\napp/purchase/unpackage/\napp/purchase/unpackage/dist/\napp/purchase/unpackage/dist/build/\napp/purchase/unpackage/dist/build/h5/\napp/purchase/unpackage/dist/build/h5/index.html\n         970 100%  135.32kB/s    0:00:00\r         970 100%  135.32kB/s    0:00:00 (xfer#5, to-check=28/79)\napp/purchase/unpackage/dist/build/h5/static/\napp/supplier/\napp/supplier/index.html\n       20570 100%    2.18MB/s    0:00:00\r       20570 100%    2.18MB/s    0:00:00 (xfer#6, to-check=23/79)\napp/tracesource/\nconfig/\nconfig/download.config.js\n          63 100%    6.15kB/s    0:00:00\r          63 100%    6.15kB/s    0:00:00 (xfer#7, to-check=19/79)\ncss/\nimg/\nimg/download/\njs/\nstatic/\nstatic/js/\n\nsent 16263 bytes  received 1128 bytes  11594.00 bytes/sec\ntotal size is 3171724  speedup is 182.38\n',2,1),(72,'2020-08-13 15:13:15','2020-08-14 15:40:45',NULL,'超级管理员',0.2,'v1.0.0','阿斯顿发生地方','./resource/gittemp/1-h7-0.2/',1,'==========================主机开始同步文件: 192.168.2.35=========================\nbuilding file list ... \n 0 files...\r87 files to consider\ndeleting app/supplier/index.html\ndeleting app/supplier/\n./\napp/\napp/download/\napp/download/ios.html\n        1399  27%    0.00kB/s    0:00:00\r        5081 100%    3.51MB/s    0:00:00 (xfer#1, to-check=77/87)\napp/purchase/\napp/purchase/manifest.json\n         700  20%  683.59kB/s    0:00:00\r        3410 100%    3.25MB/s    0:00:00 (xfer#2, to-check=73/87)\napp/purchase/common/\napp/purchase/common/qrcode.js\n       32768  98%   10.42MB/s    0:00:00\r       33268 100%   10.58MB/s    0:00:00 (xfer#3, to-check=68/87)\napp/purchase/common/wxqrcode.js\n       32768  69%    6.25MB/s    0:00:00\r       47232 100%    7.51MB/s    0:00:00 (xfer#4, to-check=66/87)\napp/purchase/components/\napp/purchase/components/uni-popup/\napp/purchase/node_modules/\napp/purchase/node_modules/qrcodejs2/\napp/purchase/node_modules/qrcodejs2/qrcode.js\n         700   2%   97.66kB/s    0:00:00\r       33268 100%    3.97MB/s    0:00:00 (xfer#5, to-check=49/87)\napp/purchase/pages/\napp/purchase/pages/order/\napp/purchase/pages/order/index.vue\n        3095  19%  377.81kB/s    0:00:00\r       15709 100%    1.66MB/s    0:00:00 (xfer#6, to-check=45/87)\napp/purchase/static/\napp/purchase/static/image/\napp/purchase/unpackage/\napp/purchase/unpackage/dist/\napp/purchase/unpackage/dist/build/\napp/purchase/unpackage/dist/build/h5/\napp/purchase/unpackage/dist/build/h5/index.html\n        1090 100%  118.27kB/s    0:00:00\r        1090 100%  118.27kB/s    0:00:00 (xfer#7, to-check=34/87)\napp/purchase/unpackage/dist/build/h5/static/\napp/purchase/unpackage/dist/build/h5/static/image/\napp/purchase/unpackage/dist/build/h5/static/image/edit.png\n         270 100%   26.37kB/s    0:00:00\r         270 100%   26.37kB/s    0:00:00 (xfer#8, to-check=29/87)\napp/purchase/unpackage/dist/build/h5/static/image/edit@2x.png\n         590 100%   57.62kB/s    0:00:00\r         590 100%   57.62kB/s    0:00:00 (xfer#9, to-check=28/87)\napp/purchase/unpackage/dist/build/h5/static/image/u51.png\n       32768  25%    2.84MB/s    0:00:00\r      127658 100%    6.76MB/s    0:00:00 (xfer#10, to-check=27/87)\napp/purchase/unpackage/dist/build/h5/static/js/\napp/purchase/unpackage/dist/build/h5/static/js/chunk-vendors.0a7b77e4.js\n       32768   5%    1.56MB/s    0:00:00\r      548422 100%    9.34MB/s    0:00:00 (xfer#11, to-check=25/87)\napp/purchase/unpackage/dist/build/h5/static/js/index.a667e2ef.js\n       32768  52%  561.40kB/s    0:00:00\r       62795 100%    1.03MB/s    0:00:00 (xfer#12, to-check=24/87)\napp/purchase/unpackage/dist/build/h5/static/js/pages-order-index.5496d492.js\n       32768  77%  542.37kB/s    0:00:00\r       42171 100%  686.38kB/s    0:00:00 (xfer#13, to-check=23/87)\napp/tracesource/\nconfig/\nconfig/download.config.js\n          68 100%    1.11kB/s    0:00:00\r          68 100%    1.11kB/s    0:00:00 (xfer#14, to-check=19/87)\ncss/\nimg/\nimg/download/\njs/\nstatic/\nstatic/js/\n\nsent 360545 bytes  received 1276 bytes  723642.00 bytes/sec\ntotal size is 4015385  speedup is 11.10\n==========================主机开始同步文件: 96.45.183.49=========================\nbuilding file list ... \n 0 files...\r87 files to consider\ndeleting app/supplier/index.html\ndeleting app/supplier/\n./\napp/\napp/download/\napp/download/ios.html\n        1399  27%    0.00kB/s    0:00:00\r        5081 100%    3.51MB/s    0:00:00 (xfer#1, to-check=77/87)\napp/purchase/\napp/purchase/manifest.json\n         700  20%  683.59kB/s    0:00:00\r        3410 100%    3.25MB/s    0:00:00 (xfer#2, to-check=73/87)\napp/purchase/common/\napp/purchase/common/qrcode.js\n       32768  98%    7.81MB/s    0:00:00\r       33268 100%    7.93MB/s    0:00:00 (xfer#3, to-check=68/87)\napp/purchase/common/wxqrcode.js\n       32768  69%    4.46MB/s    0:00:00\r       47232 100%    5.63MB/s    0:00:00 (xfer#4, to-check=66/87)\napp/purchase/components/\napp/purchase/components/uni-popup/\napp/purchase/node_modules/\napp/purchase/node_modules/qrcodejs2/\napp/purchase/node_modules/qrcodejs2/qrcode.js\n         700   2%   75.95kB/s    0:00:00\r       33268 100%    3.17MB/s    0:00:00 (xfer#5, to-check=49/87)\napp/purchase/pages/\napp/purchase/pages/order/\napp/purchase/pages/order/index.vue\n        3095  19%  302.25kB/s    0:00:00\r       15709 100%    1.36MB/s    0:00:00 (xfer#6, to-check=45/87)\napp/purchase/static/\napp/purchase/static/image/\napp/purchase/unpackage/\napp/purchase/unpackage/dist/\napp/purchase/unpackage/dist/build/\napp/purchase/unpackage/dist/build/h5/\napp/purchase/unpackage/dist/build/h5/index.html\n        1090 100%   88.70kB/s    0:00:00\r        1090 100%   88.70kB/s    0:00:00 (xfer#7, to-check=34/87)\napp/purchase/unpackage/dist/build/h5/static/\napp/purchase/unpackage/dist/build/h5/static/image/\napp/purchase/unpackage/dist/build/h5/static/image/edit.png\n         270 100%   21.97kB/s    0:00:00\r         270 100%   20.28kB/s    0:00:00 (xfer#8, to-check=29/87)\napp/purchase/unpackage/dist/build/h5/static/image/edit@2x.png\n         590 100%   44.32kB/s    0:00:00\r         590 100%   44.32kB/s    0:00:00 (xfer#9, to-check=28/87)\napp/purchase/unpackage/dist/build/h5/static/image/u51.png\n       32768  25%    2.23MB/s    0:00:00\r      127658 100%    6.09MB/s    0:00:00 (xfer#10, to-check=27/87)\napp/purchase/unpackage/dist/build/h5/static/js/\napp/purchase/unpackage/dist/build/h5/static/js/chunk-vendors.0a7b77e4.js\n       32768   5%    1.42MB/s    0:00:00\r      548422 100%    9.18MB/s    0:00:00 (xfer#11, to-check=25/87)\napp/purchase/unpackage/dist/build/h5/static/js/index.a667e2ef.js\n       32768  52%  542.37kB/s    0:00:00\r       62795 100% 1005.30kB/s    0:00:00 (xfer#12, to-check=24/87)\napp/purchase/unpackage/dist/build/h5/static/js/pages-order-index.5496d492.js\n       32768  77%  516.13kB/s    0:00:00\r       42171 100%  653.69kB/s    0:00:00 (xfer#13, to-check=23/87)\napp/tracesource/\nconfig/\nconfig/download.config.js\n          68 100%    1.05kB/s    0:00:00\r          68 100%    1.04kB/s    0:00:00 (xfer#14, to-check=19/87)\ncss/\nimg/\nimg/download/\njs/\nstatic/\nstatic/js/\n\nsent 360545 bytes  received 1276 bytes  48242.80 bytes/sec\ntotal size is 4015385  speedup is 11.10\n',1,2),(73,'2020-08-13 15:26:53','2020-08-13 15:26:57',NULL,'超级管理员',0.3,'v1.1.0.20200303','而阿俄方','./resource/gittemp/1-h7-0.3/',1,'==========================主机开始同步文件: 192.168.2.35=========================\nbuilding file list ... \n 0 files...\r79 files to consider\ndeleting app/purchase/common/wxqrcode.js\ndeleting app/purchase/common/qrcode.js\ndeleting app/purchase/unpackage/dist/build/h5/static/js/pages-order-index.5496d492.js\ndeleting app/purchase/unpackage/dist/build/h5/static/js/index.a667e2ef.js\ndeleting app/purchase/unpackage/dist/build/h5/static/js/chunk-vendors.0a7b77e4.js\ndeleting app/purchase/unpackage/dist/build/h5/static/js/\ndeleting app/purchase/unpackage/dist/build/h5/static/image/u51.png\ndeleting app/purchase/unpackage/dist/build/h5/static/image/edit@2x.png\ndeleting app/purchase/unpackage/dist/build/h5/static/image/edit.png\ndeleting app/purchase/unpackage/dist/build/h5/static/image/\n./\napp/\napp/download/\napp/purchase/\napp/purchase/manifest.json\n         700  21%    0.00kB/s    0:00:00\r        3316 100%    2.49MB/s    0:00:00 (xfer#1, to-check=65/79)\napp/purchase/common/\napp/purchase/components/\napp/purchase/components/uni-popup/\napp/purchase/node_modules/\napp/purchase/node_modules/qrcodejs2/\napp/purchase/node_modules/qrcodejs2/qrcode.js\n         700   2%  683.59kB/s    0:00:00\r       33277 100%   15.87MB/s    0:00:00 (xfer#2, to-check=43/79)\napp/purchase/pages/\napp/purchase/pages/order/\napp/purchase/pages/order/index.vue\n        8953  63%    4.27MB/s    0:00:00\r       14088 100%    6.72MB/s    0:00:00 (xfer#3, to-check=39/79)\napp/purchase/static/\napp/purchase/static/image/\napp/purchase/unpackage/\napp/purchase/unpackage/dist/\napp/purchase/unpackage/dist/build/\napp/purchase/unpackage/dist/build/h5/\napp/purchase/unpackage/dist/build/h5/index.html\n         970 100%  315.76kB/s    0:00:00\r         970 100%  315.76kB/s    0:00:00 (xfer#4, to-check=28/79)\napp/purchase/unpackage/dist/build/h5/static/\napp/supplier/\napp/supplier/index.html\n       20570 100%    4.90MB/s    0:00:00\r       20570 100%    4.90MB/s    0:00:00 (xfer#5, to-check=23/79)\napp/tracesource/\nconfig/\nconfig/download.config.js\n          71 100%   17.33kB/s    0:00:00\r          71 100%   17.33kB/s    0:00:00 (xfer#6, to-check=19/79)\ncss/\nimg/\nimg/download/\njs/\nstatic/\nstatic/js/\n\nsent 15197 bytes  received 1064 bytes  32522.00 bytes/sec\ntotal size is 3171726  speedup is 195.05\n==========================主机开始同步文件: 96.45.183.49=========================\nbuilding file list ... \n 0 files...\r79 files to consider\ndeleting app/purchase/common/wxqrcode.js\ndeleting app/purchase/common/qrcode.js\ndeleting app/purchase/unpackage/dist/build/h5/static/js/pages-order-index.5496d492.js\ndeleting app/purchase/unpackage/dist/build/h5/static/js/index.a667e2ef.js\ndeleting app/purchase/unpackage/dist/build/h5/static/js/chunk-vendors.0a7b77e4.js\ndeleting app/purchase/unpackage/dist/build/h5/static/js/\ndeleting app/purchase/unpackage/dist/build/h5/static/image/u51.png\ndeleting app/purchase/unpackage/dist/build/h5/static/image/edit@2x.png\ndeleting app/purchase/unpackage/dist/build/h5/static/image/edit.png\ndeleting app/purchase/unpackage/dist/build/h5/static/image/\n./\napp/\napp/download/\napp/purchase/\napp/purchase/manifest.json\n         700  21%    0.00kB/s    0:00:00\r        3316 100%    2.49MB/s    0:00:00 (xfer#1, to-check=65/79)\napp/purchase/common/\napp/purchase/components/\napp/purchase/components/uni-popup/\napp/purchase/node_modules/\napp/purchase/node_modules/qrcodejs2/\napp/purchase/node_modules/qrcodejs2/qrcode.js\n         700   2%  683.59kB/s    0:00:00\r       33277 100%   31.74MB/s    0:00:00 (xfer#2, to-check=43/79)\napp/purchase/pages/\napp/purchase/pages/order/\napp/purchase/pages/order/index.vue\n        8953  63%    4.27MB/s    0:00:00\r       14088 100%    6.72MB/s    0:00:00 (xfer#3, to-check=39/79)\napp/purchase/static/\napp/purchase/static/image/\napp/purchase/unpackage/\napp/purchase/unpackage/dist/\napp/purchase/unpackage/dist/build/\napp/purchase/unpackage/dist/build/h5/\napp/purchase/unpackage/dist/build/h5/index.html\n         970 100%  473.63kB/s    0:00:00\r         970 100%  473.63kB/s    0:00:00 (xfer#4, to-check=28/79)\napp/purchase/unpackage/dist/build/h5/static/\napp/supplier/\napp/supplier/index.html\n       20570 100%    6.54MB/s    0:00:00\r       20570 100%    6.54MB/s    0:00:00 (xfer#5, to-check=23/79)\napp/tracesource/\nconfig/\nconfig/download.config.js\n          71 100%   17.33kB/s    0:00:00\r          71 100%   17.33kB/s    0:00:00 (xfer#6, to-check=19/79)\ncss/\nimg/\nimg/download/\njs/\nstatic/\nstatic/js/\n\nsent 15197 bytes  received 1064 bytes  3613.56 bytes/sec\ntotal size is 3171726  speedup is 195.05\n',1,1),(74,'2020-08-13 15:27:29','2020-08-13 15:27:29',NULL,'超级管理员',0.3,'v1.0.0','发撒地方','./resource/gittemp/2-h8-0.3/',1,'==========================主机开始同步文件: 192.168.2.35=========================\nbuilding file list ... \n 0 files...\r87 files to consider\ndeleting app/supplier/index.html\ndeleting app/supplier/\n./\napp/\napp/download/\napp/download/ios.html\n        1399  27%    0.00kB/s    0:00:00\r        5081 100%    3.51MB/s    0:00:00 (xfer#1, to-check=77/87)\napp/purchase/\napp/purchase/manifest.json\n         700  20%  683.59kB/s    0:00:00\r        3410 100%    3.25MB/s    0:00:00 (xfer#2, to-check=73/87)\napp/purchase/common/\napp/purchase/common/qrcode.js\n       32768  98%   31.25MB/s    0:00:00\r       33268 100%   15.86MB/s    0:00:00 (xfer#3, to-check=68/87)\napp/purchase/common/wxqrcode.js\n       32768  69%   10.42MB/s    0:00:00\r       47232 100%   15.01MB/s    0:00:00 (xfer#4, to-check=66/87)\napp/purchase/components/\napp/purchase/components/uni-popup/\napp/purchase/node_modules/\napp/purchase/node_modules/qrcodejs2/\napp/purchase/node_modules/qrcodejs2/qrcode.js\n         700   2%  170.90kB/s    0:00:00\r       33268 100%    7.93MB/s    0:00:00 (xfer#5, to-check=49/87)\napp/purchase/pages/\napp/purchase/pages/order/\napp/purchase/pages/order/index.vue\n        3095  19%  755.62kB/s    0:00:00\r       15709 100%    3.00MB/s    0:00:00 (xfer#6, to-check=45/87)\napp/purchase/static/\napp/purchase/static/image/\napp/purchase/unpackage/\napp/purchase/unpackage/dist/\napp/purchase/unpackage/dist/build/\napp/purchase/unpackage/dist/build/h5/\napp/purchase/unpackage/dist/build/h5/index.html\n        1090 100%  212.89kB/s    0:00:00\r        1090 100%  212.89kB/s    0:00:00 (xfer#7, to-check=34/87)\napp/purchase/unpackage/dist/build/h5/static/\napp/purchase/unpackage/dist/build/h5/static/image/\napp/purchase/unpackage/dist/build/h5/static/image/edit.png\n         270 100%   43.95kB/s    0:00:00\r         270 100%   43.95kB/s    0:00:00 (xfer#8, to-check=29/87)\napp/purchase/unpackage/dist/build/h5/static/image/edit@2x.png\n         590 100%   96.03kB/s    0:00:00\r         590 100%   96.03kB/s    0:00:00 (xfer#9, to-check=28/87)\napp/purchase/unpackage/dist/build/h5/static/image/u51.png\n       32768  25%    4.46MB/s    0:00:00\r      127658 100%   12.17MB/s    0:00:00 (xfer#10, to-check=27/87)\napp/purchase/unpackage/dist/build/h5/static/js/\napp/purchase/unpackage/dist/build/h5/static/js/chunk-vendors.0a7b77e4.js\n       32768   5%    2.84MB/s    0:00:00\r      548422 100%   16.87MB/s    0:00:00 (xfer#11, to-check=25/87)\napp/purchase/unpackage/dist/build/h5/static/js/index.a667e2ef.js\n       32768  52% 1000.00kB/s    0:00:00\r       62795 100%    1.81MB/s    0:00:00 (xfer#12, to-check=24/87)\napp/purchase/unpackage/dist/build/h5/static/js/pages-order-index.5496d492.js\n       32768  77%  969.70kB/s    0:00:00\r       42171 100%    1.18MB/s    0:00:00 (xfer#13, to-check=23/87)\napp/tracesource/\nconfig/\nconfig/download.config.js\n          68 100%    1.95kB/s    0:00:00\r          68 100%    1.95kB/s    0:00:00 (xfer#14, to-check=19/87)\ncss/\nimg/\nimg/download/\njs/\nstatic/\nstatic/js/\n\nsent 360545 bytes  received 1276 bytes  723642.00 bytes/sec\ntotal size is 4015385  speedup is 11.10\n',2,1),(75,'2020-08-13 15:34:11','2020-08-13 15:34:11',NULL,'超级管理员',0.4,'v1.2.1.20200402','uyoip9/','./resource/gittemp/2-h8-0.4/',1,'==========================主机开始同步文件: 192.168.2.35=========================\nbuilding file list ... \n 0 files...\r79 files to consider\ndeleting app/purchase/common/wxqrcode.js\ndeleting app/purchase/common/qrcode.js\ndeleting app/purchase/unpackage/dist/build/h5/static/js/pages-order-index.5496d492.js\ndeleting app/purchase/unpackage/dist/build/h5/static/js/index.a667e2ef.js\ndeleting app/purchase/unpackage/dist/build/h5/static/js/chunk-vendors.0a7b77e4.js\ndeleting app/purchase/unpackage/dist/build/h5/static/js/\ndeleting app/purchase/unpackage/dist/build/h5/static/image/u51.png\ndeleting app/purchase/unpackage/dist/build/h5/static/image/edit@2x.png\ndeleting app/purchase/unpackage/dist/build/h5/static/image/edit.png\ndeleting app/purchase/unpackage/dist/build/h5/static/image/\n./\napp/\napp/download/\napp/download/ios.html\n        1401  27%    0.00kB/s    0:00:00\r        5087 100%    3.52MB/s    0:00:00 (xfer#1, to-check=69/79)\napp/purchase/\napp/purchase/manifest.json\n         700  21%  683.59kB/s    0:00:00\r        3316 100%    3.16MB/s    0:00:00 (xfer#2, to-check=65/79)\napp/purchase/common/\napp/purchase/components/\napp/purchase/components/uni-popup/\napp/purchase/node_modules/\napp/purchase/node_modules/qrcodejs2/\napp/purchase/node_modules/qrcodejs2/qrcode.js\n         700   2%  683.59kB/s    0:00:00\r       33277 100%   31.74MB/s    0:00:00 (xfer#3, to-check=43/79)\napp/purchase/pages/\napp/purchase/pages/order/\napp/purchase/pages/order/index.vue\n        8953  63%    4.27MB/s    0:00:00\r       14088 100%    6.72MB/s    0:00:00 (xfer#4, to-check=39/79)\napp/purchase/static/\napp/purchase/static/image/\napp/purchase/unpackage/\napp/purchase/unpackage/dist/\napp/purchase/unpackage/dist/build/\napp/purchase/unpackage/dist/build/h5/\napp/purchase/unpackage/dist/build/h5/index.html\n         970 100%  315.76kB/s    0:00:00\r         970 100%  315.76kB/s    0:00:00 (xfer#5, to-check=28/79)\napp/purchase/unpackage/dist/build/h5/static/\napp/supplier/\napp/supplier/index.html\n       20570 100%    6.54MB/s    0:00:00\r       20570 100%    6.54MB/s    0:00:00 (xfer#6, to-check=23/79)\napp/tracesource/\nconfig/\nconfig/download.config.js\n          63 100%   15.38kB/s    0:00:00\r          63 100%   15.38kB/s    0:00:00 (xfer#7, to-check=19/79)\ncss/\nimg/\nimg/download/\njs/\nstatic/\nstatic/js/\n\nsent 16263 bytes  received 1128 bytes  34782.00 bytes/sec\ntotal size is 3171724  speedup is 182.38\n',2,1),(76,'2020-08-13 18:27:11','2020-08-13 18:27:16',NULL,'超级管理员',0.4,'v1.2.1.20200402','发送到发撒地方','./resource/gittemp/1-h7-0.4/',1,'==========================主机开始同步文件: 192.168.2.35=========================\nbuilding file list ... \n 0 files...\r79 files to consider\n./\napp/\napp/download/\napp/download/ios.html\n        1401  27%    0.00kB/s    0:00:00\r        5087 100%    3.52MB/s    0:00:00 (xfer#1, to-check=69/79)\napp/purchase/\napp/purchase/common/\napp/purchase/components/\napp/purchase/components/uni-popup/\napp/purchase/node_modules/\napp/purchase/node_modules/qrcodejs2/\napp/purchase/pages/\napp/purchase/pages/order/\napp/purchase/static/\napp/purchase/static/image/\napp/purchase/unpackage/\napp/purchase/unpackage/dist/\napp/purchase/unpackage/dist/build/\napp/purchase/unpackage/dist/build/h5/\napp/purchase/unpackage/dist/build/h5/static/\napp/supplier/\napp/tracesource/\nconfig/\nconfig/download.config.js\n          63 100%   61.52kB/s    0:00:00\r          63 100%   61.52kB/s    0:00:00 (xfer#2, to-check=19/79)\ncss/\nimg/\nimg/download/\njs/\nstatic/\nstatic/js/\n\nsent 4101 bytes  received 580 bytes  9362.00 bytes/sec\ntotal size is 3171724  speedup is 677.57\n==========================主机开始同步文件: 96.45.183.49=========================\nbuilding file list ... \n 0 files...\r79 files to consider\n./\napp/\napp/download/\napp/download/ios.html\n        1401  27%    0.00kB/s    0:00:00\r        5087 100%    3.52MB/s    0:00:00 (xfer#1, to-check=69/79)\napp/purchase/\napp/purchase/common/\napp/purchase/components/\napp/purchase/components/uni-popup/\napp/purchase/node_modules/\napp/purchase/node_modules/qrcodejs2/\napp/purchase/pages/\napp/purchase/pages/order/\napp/purchase/static/\napp/purchase/static/image/\napp/purchase/unpackage/\napp/purchase/unpackage/dist/\napp/purchase/unpackage/dist/build/\napp/purchase/unpackage/dist/build/h5/\napp/purchase/unpackage/dist/build/h5/static/\napp/supplier/\napp/tracesource/\nconfig/\nconfig/download.config.js\n          63 100%   61.52kB/s    0:00:00\r          63 100%   61.52kB/s    0:00:00 (xfer#2, to-check=19/79)\ncss/\nimg/\nimg/download/\njs/\nstatic/\nstatic/js/\n\nsent 4101 bytes  received 580 bytes  851.09 bytes/sec\ntotal size is 3171724  speedup is 677.57\n',1,1),(77,'2020-08-14 15:37:51','2020-08-14 15:37:52',NULL,'超级管理员',0.4,'v1.2.0.20200323','发送到发送到','./resource/gittemp/1-h7-0.4/',1,'==========================主机开始同步文件: 192.168.2.35=========================\nbuilding file list ... \n 0 files...\r79 files to consider\n./\napp/\napp/download/\napp/download/ios.html\n        1401  27%    0.00kB/s    0:00:00\r        5087 100%    3.52MB/s    0:00:00 (xfer#1, to-check=69/79)\napp/purchase/\napp/purchase/common/\napp/purchase/components/\napp/purchase/components/uni-popup/\napp/purchase/node_modules/\napp/purchase/node_modules/qrcodejs2/\napp/purchase/pages/\napp/purchase/pages/order/\napp/purchase/static/\napp/purchase/static/image/\napp/purchase/unpackage/\napp/purchase/unpackage/dist/\napp/purchase/unpackage/dist/build/\napp/purchase/unpackage/dist/build/h5/\napp/purchase/unpackage/dist/build/h5/static/\napp/supplier/\napp/tracesource/\nconfig/\nconfig/download.config.js\n          63 100%   61.52kB/s    0:00:00\r          63 100%   61.52kB/s    0:00:00 (xfer#2, to-check=19/79)\ncss/\nimg/\nimg/download/\njs/\nstatic/\nstatic/js/\n\nsent 4101 bytes  received 580 bytes  3120.67 bytes/sec\ntotal size is 3171724  speedup is 677.57\n',1,1),(78,'2020-08-14 15:39:30','2020-08-14 15:39:31',NULL,'超级管理员',0.5,'v1.0.0','a s d fa s d','./resource/gittemp/1-h7-0.5/',1,'==========================主机开始同步文件: 192.168.2.35=========================\nbuilding file list ... \n 0 files...\r87 files to consider\ndeleting app/supplier/index.html\ndeleting app/supplier/\n./\napp/\napp/download/\napp/download/ios.html\n        1399  27%    0.00kB/s    0:00:00\r        5081 100%    3.51MB/s    0:00:00 (xfer#1, to-check=77/87)\napp/purchase/\napp/purchase/manifest.json\n         700  20%  683.59kB/s    0:00:00\r        3410 100%    3.25MB/s    0:00:00 (xfer#2, to-check=73/87)\napp/purchase/common/\napp/purchase/common/qrcode.js\n       32768  98%   31.25MB/s    0:00:00\r       33268 100%   31.73MB/s    0:00:00 (xfer#3, to-check=68/87)\napp/purchase/common/wxqrcode.js\n       32768  69%   15.62MB/s    0:00:00\r       47232 100%   22.52MB/s    0:00:00 (xfer#4, to-check=66/87)\napp/purchase/components/\napp/purchase/components/uni-popup/\napp/purchase/node_modules/\napp/purchase/node_modules/qrcodejs2/\napp/purchase/node_modules/qrcodejs2/qrcode.js\n         700   2%  227.86kB/s    0:00:00\r       33268 100%   10.58MB/s    0:00:00 (xfer#5, to-check=49/87)\napp/purchase/pages/\napp/purchase/pages/order/\napp/purchase/pages/order/index.vue\n        3095  19% 1007.49kB/s    0:00:00\r       15709 100%    3.75MB/s    0:00:00 (xfer#6, to-check=45/87)\napp/purchase/static/\napp/purchase/static/image/\napp/purchase/unpackage/\napp/purchase/unpackage/dist/\napp/purchase/unpackage/dist/build/\napp/purchase/unpackage/dist/build/h5/\napp/purchase/unpackage/dist/build/h5/index.html\n        1090 100%  266.11kB/s    0:00:00\r        1090 100%  266.11kB/s    0:00:00 (xfer#7, to-check=34/87)\napp/purchase/unpackage/dist/build/h5/static/\napp/purchase/unpackage/dist/build/h5/static/image/\napp/purchase/unpackage/dist/build/h5/static/image/edit.png\n         270 100%   65.92kB/s    0:00:00\r         270 100%   65.92kB/s    0:00:00 (xfer#8, to-check=29/87)\napp/purchase/unpackage/dist/build/h5/static/image/edit@2x.png\n         590 100%  144.04kB/s    0:00:00\r         590 100%  144.04kB/s    0:00:00 (xfer#9, to-check=28/87)\napp/purchase/unpackage/dist/build/h5/static/image/u51.png\n       32768  25%    6.25MB/s    0:00:00\r      127658 100%   13.53MB/s    0:00:00 (xfer#10, to-check=27/87)\napp/purchase/unpackage/dist/build/h5/static/js/\napp/purchase/unpackage/dist/build/h5/static/js/chunk-vendors.0a7b77e4.js\n       32768   5%    3.12MB/s    0:00:00\r      548422 100%   16.87MB/s    0:00:00 (xfer#11, to-check=25/87)\napp/purchase/unpackage/dist/build/h5/static/js/index.a667e2ef.js\n       32768  52%  969.70kB/s    0:00:00\r       62795 100%    1.81MB/s    0:00:00 (xfer#12, to-check=24/87)\napp/purchase/unpackage/dist/build/h5/static/js/pages-order-index.5496d492.js\n       32768  77%  941.18kB/s    0:00:00\r       42171 100%    1.15MB/s    0:00:00 (xfer#13, to-check=23/87)\napp/tracesource/\nconfig/\nconfig/download.config.js\n          68 100%    1.90kB/s    0:00:00\r          68 100%    1.90kB/s    0:00:00 (xfer#14, to-check=19/87)\ncss/\nimg/\nimg/download/\njs/\nstatic/\nstatic/js/\n\nsent 360545 bytes  received 1276 bytes  241214.00 bytes/sec\ntotal size is 4015385  speedup is 11.10\n',1,1),(79,'2020-08-14 15:40:44','2020-08-14 15:40:45',NULL,'超级管理员',0.6,'v1.2.1.20200402','阿斯顿发生的','./resource/gittemp/1-h7-0.6/',1,'==========================主机开始同步文件: 192.168.2.35=========================\nbuilding file list ... \n 0 files...\r79 files to consider\ndeleting app/purchase/common/wxqrcode.js\ndeleting app/purchase/common/qrcode.js\ndeleting app/purchase/unpackage/dist/build/h5/static/js/pages-order-index.5496d492.js\ndeleting app/purchase/unpackage/dist/build/h5/static/js/index.a667e2ef.js\ndeleting app/purchase/unpackage/dist/build/h5/static/js/chunk-vendors.0a7b77e4.js\ndeleting app/purchase/unpackage/dist/build/h5/static/js/\ndeleting app/purchase/unpackage/dist/build/h5/static/image/u51.png\ndeleting app/purchase/unpackage/dist/build/h5/static/image/edit@2x.png\ndeleting app/purchase/unpackage/dist/build/h5/static/image/edit.png\ndeleting app/purchase/unpackage/dist/build/h5/static/image/\n./\napp/\napp/download/\napp/download/ios.html\n        1401  27%    0.00kB/s    0:00:00\r        5087 100%    3.52MB/s    0:00:00 (xfer#1, to-check=69/79)\napp/purchase/\napp/purchase/manifest.json\n         700  21%  683.59kB/s    0:00:00\r        3316 100%    3.16MB/s    0:00:00 (xfer#2, to-check=65/79)\napp/purchase/common/\napp/purchase/components/\napp/purchase/components/uni-popup/\napp/purchase/node_modules/\napp/purchase/node_modules/qrcodejs2/\napp/purchase/node_modules/qrcodejs2/qrcode.js\n         700   2%  683.59kB/s    0:00:00\r       33277 100%   31.74MB/s    0:00:00 (xfer#3, to-check=43/79)\napp/purchase/pages/\napp/purchase/pages/order/\napp/purchase/pages/order/index.vue\n        8953  63%    4.27MB/s    0:00:00\r       14088 100%    6.72MB/s    0:00:00 (xfer#4, to-check=39/79)\napp/purchase/static/\napp/purchase/static/image/\napp/purchase/unpackage/\napp/purchase/unpackage/dist/\napp/purchase/unpackage/dist/build/\napp/purchase/unpackage/dist/build/h5/\napp/purchase/unpackage/dist/build/h5/index.html\n         970 100%  315.76kB/s    0:00:00\r         970 100%  315.76kB/s    0:00:00 (xfer#5, to-check=28/79)\napp/purchase/unpackage/dist/build/h5/static/\napp/supplier/\napp/supplier/index.html\n       20570 100%    4.90MB/s    0:00:00\r       20570 100%    4.90MB/s    0:00:00 (xfer#6, to-check=23/79)\napp/tracesource/\nconfig/\nconfig/download.config.js\n          63 100%   15.38kB/s    0:00:00\r          63 100%   15.38kB/s    0:00:00 (xfer#7, to-check=19/79)\ncss/\nimg/\nimg/download/\njs/\nstatic/\nstatic/js/\n\nsent 16263 bytes  received 1128 bytes  11594.00 bytes/sec\ntotal size is 3171724  speedup is 182.38\n',1,1);
/*!40000 ALTER TABLE `deploy_testings` ENABLE KEYS */;
UNLOCK TABLES;

--
-- Table structure for table `deployproject_servers`
--

DROP TABLE IF EXISTS `deployproject_servers`;
/*!40101 SET @saved_cs_client     = @@character_set_client */;
/*!40101 SET character_set_client = utf8 */;
CREATE TABLE `deployproject_servers` (
  `deploy_project_id` int(11) NOT NULL,
  `server_id` int(11) NOT NULL,
  PRIMARY KEY (`deploy_project_id`,`server_id`)
) ENGINE=InnoDB DEFAULT CHARSET=utf8mb4;
/*!40101 SET character_set_client = @saved_cs_client */;

--
-- Dumping data for table `deployproject_servers`
--

LOCK TABLES `deployproject_servers` WRITE;
/*!40000 ALTER TABLE `deployproject_servers` DISABLE KEYS */;
INSERT INTO `deployproject_servers` VALUES (1,1),(2,1),(3,2),(4,1);
/*!40000 ALTER TABLE `deployproject_servers` ENABLE KEYS */;
UNLOCK TABLES;

--
-- Table structure for table `environments`
--

DROP TABLE IF EXISTS `environments`;
/*!40101 SET @saved_cs_client     = @@character_set_client */;
/*!40101 SET character_set_client = utf8 */;
CREATE TABLE `environments` (
  `id` int(11) NOT NULL AUTO_INCREMENT,
  `name` varchar(255) DEFAULT NULL,
  `env_label` int(11) DEFAULT NULL,
  PRIMARY KEY (`id`)
) ENGINE=InnoDB AUTO_INCREMENT=5 DEFAULT CHARSET=utf8mb4;
/*!40101 SET character_set_client = @saved_cs_client */;

--
-- Dumping data for table `environments`
--

LOCK TABLES `environments` WRITE;
/*!40000 ALTER TABLE `environments` DISABLE KEYS */;
INSERT INTO `environments` VALUES (1,'开发环境',1),(2,'测试环境',2),(3,'灰度环境',3),(4,'生产环境',4);
/*!40000 ALTER TABLE `environments` ENABLE KEYS */;
UNLOCK TABLES;

--
-- Table structure for table `exa_customers`
--

DROP TABLE IF EXISTS `exa_customers`;
/*!40101 SET @saved_cs_client     = @@character_set_client */;
/*!40101 SET character_set_client = utf8 */;
CREATE TABLE `exa_customers` (
  `id` int(10) unsigned NOT NULL AUTO_INCREMENT,
  `created_at` timestamp NULL DEFAULT NULL,
  `updated_at` timestamp NULL DEFAULT NULL,
  `deleted_at` timestamp NULL DEFAULT NULL,
  `customer_name` varchar(255) NOT NULL COMMENT '客户名',
  `customer_phone_data` varchar(255) DEFAULT NULL COMMENT '客户手机号',
  `sys_user_id` int(10) unsigned DEFAULT NULL COMMENT '管理ID',
  `sys_user_authority_id` varchar(255) DEFAULT NULL COMMENT '管理角色ID',
  PRIMARY KEY (`id`) USING BTREE,
  KEY `idx_exa_customers_deleted_at` (`deleted_at`) USING BTREE
) ENGINE=InnoDB AUTO_INCREMENT=5 DEFAULT CHARSET=utf8 ROW_FORMAT=COMPACT;
/*!40101 SET character_set_client = @saved_cs_client */;

--
-- Dumping data for table `exa_customers`
--

LOCK TABLES `exa_customers` WRITE;
/*!40000 ALTER TABLE `exa_customers` DISABLE KEYS */;
INSERT INTO `exa_customers` VALUES (1,'2020-02-25 23:01:48','2020-04-10 16:29:29',NULL,'测试客户','1761111111',10,'888'),(2,'2020-04-10 16:25:53','2020-04-10 16:25:53','2020-04-10 17:43:56','test','123123123',10,'888'),(3,'2020-04-10 17:44:12','2020-04-10 17:44:12','2020-04-10 17:44:13','123123','123123',10,'888'),(4,'2020-04-10 17:47:10','2020-04-10 17:47:10','2020-04-10 17:47:12','22222222','222222222222222',10,'888');
/*!40000 ALTER TABLE `exa_customers` ENABLE KEYS */;
UNLOCK TABLES;

--
-- Table structure for table `exa_file_chunks`
--

DROP TABLE IF EXISTS `exa_file_chunks`;
/*!40101 SET @saved_cs_client     = @@character_set_client */;
/*!40101 SET character_set_client = utf8 */;
CREATE TABLE `exa_file_chunks` (
  `id` int(10) unsigned NOT NULL AUTO_INCREMENT,
  `created_at` timestamp NULL DEFAULT NULL,
  `updated_at` timestamp NULL DEFAULT NULL,
  `deleted_at` timestamp NULL DEFAULT NULL,
  `exa_file_id` int(10) unsigned DEFAULT NULL,
  `file_chunk_path` varchar(255) DEFAULT NULL,
  `file_chunk_number` int(11) DEFAULT NULL,
  PRIMARY KEY (`id`) USING BTREE,
  KEY `idx_exa_file_chunks_deleted_at` (`deleted_at`) USING BTREE
) ENGINE=InnoDB DEFAULT CHARSET=utf8 ROW_FORMAT=COMPACT;
/*!40101 SET character_set_client = @saved_cs_client */;

--
-- Dumping data for table `exa_file_chunks`
--

LOCK TABLES `exa_file_chunks` WRITE;
/*!40000 ALTER TABLE `exa_file_chunks` DISABLE KEYS */;
/*!40000 ALTER TABLE `exa_file_chunks` ENABLE KEYS */;
UNLOCK TABLES;

--
-- Table structure for table `exa_file_upload_and_downloads`
--

DROP TABLE IF EXISTS `exa_file_upload_and_downloads`;
/*!40101 SET @saved_cs_client     = @@character_set_client */;
/*!40101 SET character_set_client = utf8 */;
CREATE TABLE `exa_file_upload_and_downloads` (
  `id` int(10) unsigned NOT NULL AUTO_INCREMENT,
  `created_at` timestamp NULL DEFAULT NULL,
  `updated_at` timestamp NULL DEFAULT NULL,
  `deleted_at` timestamp NULL DEFAULT NULL,
  `name` varchar(255) DEFAULT NULL COMMENT '文件名',
  `url` varchar(255) DEFAULT NULL COMMENT '文件地址\r\n',
  `tag` varchar(255) DEFAULT NULL COMMENT '文件标签\r\n',
  `key` varchar(255) DEFAULT NULL COMMENT '编号',
  PRIMARY KEY (`id`) USING BTREE,
  KEY `idx_file_upload_and_downloads_deleted_at` (`deleted_at`) USING BTREE,
  KEY `idx_exa_file_upload_and_downloads_deleted_at` (`deleted_at`) USING BTREE
) ENGINE=InnoDB AUTO_INCREMENT=20 DEFAULT CHARSET=utf8 ROW_FORMAT=COMPACT;
/*!40101 SET character_set_client = @saved_cs_client */;

--
-- Dumping data for table `exa_file_upload_and_downloads`
--

LOCK TABLES `exa_file_upload_and_downloads` WRITE;
/*!40000 ALTER TABLE `exa_file_upload_and_downloads` DISABLE KEYS */;
INSERT INTO `exa_file_upload_and_downloads` VALUES (17,'2020-04-26 15:51:39','2020-04-26 15:51:39',NULL,'10.png','http://qmplusimg.henrongyi.top/158787308910.png','png','158787308910.png'),(19,'2020-04-27 19:48:38','2020-04-27 19:48:38',NULL,'logo.png','http://qmplusimg.henrongyi.top/1587973709logo.png','png','1587973709logo.png');
/*!40000 ALTER TABLE `exa_file_upload_and_downloads` ENABLE KEYS */;
UNLOCK TABLES;

--
-- Table structure for table `exa_files`
--

DROP TABLE IF EXISTS `exa_files`;
/*!40101 SET @saved_cs_client     = @@character_set_client */;
/*!40101 SET character_set_client = utf8 */;
CREATE TABLE `exa_files` (
  `id` int(10) unsigned NOT NULL AUTO_INCREMENT,
  `created_at` timestamp NULL DEFAULT NULL,
  `updated_at` timestamp NULL DEFAULT NULL,
  `deleted_at` timestamp NULL DEFAULT NULL,
  `file_name` varchar(255) DEFAULT NULL,
  `file_md5` varchar(255) DEFAULT NULL,
  `file_path` varchar(255) DEFAULT NULL,
  `chunk_total` int(11) DEFAULT NULL,
  `is_finish` tinyint(1) DEFAULT NULL,
  PRIMARY KEY (`id`) USING BTREE,
  KEY `idx_exa_files_deleted_at` (`deleted_at`) USING BTREE
) ENGINE=InnoDB DEFAULT CHARSET=utf8 ROW_FORMAT=COMPACT;
/*!40101 SET character_set_client = @saved_cs_client */;

--
-- Dumping data for table `exa_files`
--

LOCK TABLES `exa_files` WRITE;
/*!40000 ALTER TABLE `exa_files` DISABLE KEYS */;
/*!40000 ALTER TABLE `exa_files` ENABLE KEYS */;
UNLOCK TABLES;

--
-- Table structure for table `gitlab_projects`
--

DROP TABLE IF EXISTS `gitlab_projects`;
/*!40101 SET @saved_cs_client     = @@character_set_client */;
/*!40101 SET character_set_client = utf8 */;
CREATE TABLE `gitlab_projects` (
  `id` int(11) NOT NULL AUTO_INCREMENT,
  `name` varchar(255) NOT NULL,
  `url` longtext DEFAULT NULL,
  PRIMARY KEY (`id`),
  UNIQUE KEY `id` (`id`),
  UNIQUE KEY `name` (`name`)
) ENGINE=InnoDB AUTO_INCREMENT=227 DEFAULT CHARSET=utf8mb4;
/*!40101 SET character_set_client = @saved_cs_client */;

--
-- Dumping data for table `gitlab_projects`
--

LOCK TABLES `gitlab_projects` WRITE;
/*!40000 ALTER TABLE `gitlab_projects` DISABLE KEYS */;
INSERT INTO `gitlab_projects` VALUES (3,'MyFirstPrj','http://git.wjh.com/zhaoxiaojun/myfirstprj.git'),(4,'wjh_test','http://git.wjh.com/yuqingjie/wjh_test.git'),(10,'zhangshulian','http://git.wjh.com/zhangshulian/zhangshulian.git'),(14,'product-api','http://git.wjh.com/php/product-api.git'),(16,'product-admin','http://git.wjh.com/php/product-admin.git'),(17,'oss-api','http://git.wjh.com/php/oss-api.git'),(18,'oss-admin','http://git.wjh.com/php/oss-admin.git'),(19,'wjh-parent','http://git.wjh.com/java/wjh-parent.git'),(20,'wjh-auth-api','http://git.wjh.com/java/wjh-auth-api.git'),(22,'WjhMall','http://git.wjh.com/qinxiong/wjhmall.git'),(23,'wjh-gateway','http://git.wjh.com/java/wjh-gateway.git'),(28,'vendormini','http://git.wjh.com/kefeng_wjh/vendormini.git'),(31,'vendormini-server','http://git.wjh.com/kefeng_wjh/vendormini-server.git'),(32,'vendormini-client','http://git.wjh.com/kefeng_wjh/vendormini-client.git'),(34,'vendor-miniprogram','http://git.wjh.com/kefeng_wjh/vendor-miniprogram.git'),(36,'wjh_dev_ops','http://git.wjh.com/devops/wjh_dev_ops.git'),(43,'wms_service','http://git.wjh.com/wms/wms_service.git'),(45,'customer-api','http://git.wjh.com/php/customer-api.git'),(47,'Purchase','http://git.wjh.com/liuhao/purchase.git'),(48,'Shopper','http://git.wjh.com/liuhao/shopper.git'),(49,'python-spider','http://git.wjh.com/python/python-spider.git'),(50,'passport-api','http://git.wjh.com/php/passport-api.git'),(51,'passport-admin','http://git.wjh.com/php/passport-admin.git'),(52,'message','http://git.wjh.com/java_commons/message.git'),(53,'custapp-admin','http://git.wjh.com/liuxw/custapp-admin.git'),(54,'WjhPurchase','http://git.wjh.com/qinxiong/wjhpurchase.git'),(55,'purchase-accounting','http://git.wjh.com/liuhao/purchase-accounting.git'),(56,'leaf-client','http://git.wjh.com/java_commons/leaf-client.git'),(60,'wms_admin','http://git.wjh.com/wms/wms_admin.git'),(61,'vue','http://git.wjh.com/web/vue.git'),(62,'vendormini-manager','http://git.wjh.com/kefeng_wjh/vendormini-manager.git'),(66,'vendor-admin','http://git.wjh.com/web/vendor-admin.git'),(67,'vendor-api','http://git.wjh.com/php/vendor-api.git'),(68,'tidb_syncer','http://git.wjh.com/java/tidb_syncer.git'),(69,'auth','http://git.wjh.com/web/auth.git'),(70,'Warehouse','http://git.wjh.com/liuhao/warehouse.git'),(71,'Supplier','http://git.wjh.com/liuhao/supplier.git'),(72,'portal','http://git.wjh.com/web/portal.git'),(76,'vendor-sorting-manager','http://git.wjh.com/kefeng_wjh/vendor-sorting-manager.git'),(77,'vendor-sorting-vue','http://git.wjh.com/web/vendor-sorting-vue.git'),(80,'wjh-web','http://git.wjh.com/php/wjh-web.git'),(82,'wjh-custapp-trans','http://git.wjh.com/zhaoxiaojun/wjh-custapp-trans.git'),(84,'h5','http://git.wjh.com/web/h5.git'),(86,'sharding-demo','http://git.wjh.com/learn/sharding-demo.git'),(89,'shoc-admin','http://git.wjh.com/web/shoc-admin.git'),(90,'shoc-api','http://git.wjh.com/php/shoc-api.git'),(91,'WJHShoppingMall','http://git.wjh.com/panzhijian/wjhshoppingmall.git'),(99,'customer-admin','http://git.wjh.com/web/customer-admin.git'),(100,'custorder-admin','http://git.wjh.com/web/custorder-admin.git'),(101,'WJHSupplier','http://git.wjh.com/panzhijian/wjhsupplier.git'),(102,'quality-api','http://git.wjh.com/php/quality-api.git'),(103,'quality-admin','http://git.wjh.com/web/quality-admin.git'),(106,'wjh-custapp-trans-dev','http://git.wjh.com/liushiqing/wjh-custapp-trans-dev.git'),(109,'wjhconfig','http://git.wjh.com/zhangyuncong/wjhconfig.git'),(110,'generator-code','http://git.wjh.com/java_commons/generator-code.git'),(111,'wjh-web-branch','http://git.wjh.com/php/wjh-web-branch.git'),(120,'wjh-delivery-api','http://git.wjh.com/tiger/delivery-app.git'),(121,'supplier-admin','http://git.wjh.com/web/supplier-admin.git'),(126,'web','http://git.wjh.com/web/web.git'),(128,'order-center-api','http://git.wjh.com/php/order-center-api.git'),(129,'order-center-admin','http://git.wjh.com/web/order-center-admin.git'),(130,'balanceLocalService','http://git.wjh.com/hardware/balancelocalservice.git'),(132,'sorting_admin','http://git.wjh.com/sorting/sorting_admin.git'),(133,'nacos','http://git.wjh.com/yuqingjie/nacos.git'),(134,'wms_pro_admin','http://git.wjh.com/wms/wms_pro_admin.git'),(135,'es-work','http://git.wjh.com/php/es-work.git'),(137,'visual-platform','http://git.wjh.com/php/visual-platform.git'),(138,'es-work-admin','http://git.wjh.com/php/es-work-admin.git'),(139,'vendor-sorting-vue-v001','http://git.wjh.com/zhusiyao/vendor-sorting-vue-v001.git'),(142,'leaf','http://git.wjh.com/java_commons/leaf.git'),(143,'purchase-admin','http://git.wjh.com/huanggitlab/purchase-admin.git'),(144,'WJHDeliver','http://git.wjh.com/panzhijian/wjhdeliver.git'),(148,'wjh-custapp-api','http://git.wjh.com/tiger/wjh-custapp-api.git'),(151,'wjh-custshop-api','http://git.wjh.com/tiger/wjh-custshop-api.git'),(153,'wjh-store-purchase-admin','http://git.wjh.com/vendor-purchase/wjh-store-purchase-admin.git'),(154,'wjh-store-purchase-manager','http://git.wjh.com/vendor-purchase/wjh-store-purchase-manager.git'),(155,'vendor-sorting-admin','http://git.wjh.com/vendor-purchase/vendor-sorting-admin.git'),(156,'vendor-sorting-manager-parent','http://git.wjh.com/vendor-purchase/vendor-sorting-manager-parent.git'),(157,'wjh-purchase-app-parent','http://git.wjh.com/vendor-purchase/wjh-purchase-app-parent.git'),(158,'wjh-vendor-app-parent','http://git.wjh.com/vendor-purchase/wjh-vendor-app-parent.git'),(159,'wjh-purchase-admin','http://git.wjh.com/vendor-purchase/wjh-purchase-admin.git'),(160,'wjh-purchase-manager-parent','http://git.wjh.com/vendor-purchase/wjh-purchase-manager-parent.git'),(161,'wjh-custshop-adimin-web','http://git.wjh.com/tiger/custshop-adimin-web.git'),(162,'wjh-vendor-sync-parent','http://git.wjh.com/vendor-purchase/wjh-vendor-sync-parent.git'),(164,'wjh-delivery-admin-web','http://git.wjh.com/tiger/delivery-admin-web.git'),(165,'synchronization-lock','http://git.wjh.com/java_commons/synchronization-lock.git'),(167,'wjh-custapp-admin-web','http://git.wjh.com/tiger/custapp-admin-web.git'),(168,'wjh-purchase-admin-test','http://git.wjh.com/vendor-purchase/wjh-purchase-admin-test.git'),(169,'product-admin-vue','http://git.wjh.com/web/product-admin-vue.git'),(170,'portal-admin','http://git.wjh.com/web/portal-admin.git'),(172,'custapp-xxl-job','http://git.wjh.com/tiger/custapp-xxl-job.git'),(175,'opsAdmin','http://git.wjh.com/devops/opsadmin.git'),(176,'loging','http://git.wjh.com/java_commons/loging.git'),(177,'weigth','http://git.wjh.com/win/weigth.git'),(178,'dataPadding','http://git.wjh.com/java_commons/dataPadding.git'),(179,'purchase-h5','http://git.wjh.com/web/purchase-h5.git'),(180,'passport-admin-vue','http://git.wjh.com/web/passport-admin-vue.git'),(181,'vendor-sorting-vue-touch','http://git.wjh.com/zhusiyao/vendor-sorting-vue-touch.git'),(182,'report','http://git.wjh.com/java/report.git'),(183,'base-admin-vue','http://git.wjh.com/web/base-admin-vue.git'),(184,'trace-source','http://git.wjh.com/web/trace-source.git'),(185,'report-admin','http://git.wjh.com/web/report-admin.git'),(187,'vendor-sorting-admin-touch','http://git.wjh.com/vendor-purchase/vendor-sorting-admin-touch.git'),(191,'base-script','http://git.wjh.com/php/base-script.git'),(192,'oss-admin-vue','http://git.wjh.com/web/oss-admin-vue.git'),(193,'wjh-purchase-client-parent','http://git.wjh.com/vendor-purchase/wjh-purchase-client-parent.git'),(194,'package','http://git.wjh.com/php/package.git'),(195,'gift-check','http://git.wjh.com/php/gift-check.git'),(196,'vendor_service','http://git.wjh.com/vendor-purchase/vendor_service.git'),(202,'auth-branch-admin','http://git.wjh.com/zhouxiaojin/auth-branch-admin.git'),(204,'wjh-component','http://git.wjh.com/java_commons/wjh-component.git'),(205,'wjh-mall','http://git.wjh.com/tiger/wjh-mall.git'),(206,'deploy-api','http://git.wjh.com/php/deploy-api.git'),(207,'deploy-admin','http://git.wjh.com/web/deploy-admin.git'),(208,'xxl-job-2.1.2','http://git.wjh.com/tiger/xxl-job-2.1.2.git'),(209,'project-messages','http://git.wjh.com/devops/project-messages.git'),(210,'base-admin-mobile-bak','http://git.wjh.com/web/base-admin-mobile-bak.git'),(211,'wxshop','http://git.wjh.com/php/wxshop.git'),(212,'Wholesaler','http://git.wjh.com/panzhijian/wholesaler.git'),(213,'base-admin-mobile','http://git.wjh.com/web/base-admin-mobile.git'),(215,'agg-platform','http://git.wjh.com/php/agg-platform.git'),(216,'vendor_dev_doc','http://git.wjh.com/zhusiyao/vendor_dev_doc.git'),(217,'WjhMall_Weixinmin','http://git.wjh.com/qinxiong/wjhmall_weixinmin.git'),(218,'opsAdminWeb','http://git.wjh.com/devops/opsAdminWeb.git'),(219,'bigdata_sql','http://git.wjh.com/bigdata/bigdata_sql.git'),(220,'helloword','http://git.wjh.com/devops/helloword.git'),(221,'wjh-common','http://git.wjh.com/web/wjh-common.git'),(223,'wjh-common-demo','http://git.wjh.com/web/wjh-common-demo.git'),(224,'grayscale-config','http://git.wjh.com/java_commons/grayscale-config.git'),(225,'job','http://git.wjh.com/java_commons/job.git'),(226,'traceability','http://git.wjh.com/web/traceability.git');
/*!40000 ALTER TABLE `gitlab_projects` ENABLE KEYS */;
UNLOCK TABLES;

--
-- Table structure for table `jwt_blacklists`
--

DROP TABLE IF EXISTS `jwt_blacklists`;
/*!40101 SET @saved_cs_client     = @@character_set_client */;
/*!40101 SET character_set_client = utf8 */;
CREATE TABLE `jwt_blacklists` (
  `id` int(10) unsigned NOT NULL AUTO_INCREMENT,
  `created_at` timestamp NULL DEFAULT NULL,
  `updated_at` timestamp NULL DEFAULT NULL,
  `deleted_at` timestamp NULL DEFAULT NULL,
  `jwt` text DEFAULT NULL,
  PRIMARY KEY (`id`) USING BTREE,
  KEY `idx_jwt_blacklists_deleted_at` (`deleted_at`) USING BTREE
) ENGINE=InnoDB AUTO_INCREMENT=54 DEFAULT CHARSET=utf8 ROW_FORMAT=COMPACT;
/*!40101 SET character_set_client = @saved_cs_client */;

--
-- Dumping data for table `jwt_blacklists`
--

LOCK TABLES `jwt_blacklists` WRITE;
/*!40000 ALTER TABLE `jwt_blacklists` DISABLE KEYS */;
INSERT INTO `jwt_blacklists` VALUES (3,'2019-12-28 23:29:05','2019-12-28 23:29:05',NULL,'eyJhbGciOiJIUzI1NiIsInR5cCI6IkpXVCJ9.eyJVVUlEIjoiY2UwZDY2ODUtYzE1Zi00MTI2LWE1YjQtODkwYmM5ZDIzNTZkIiwiSUQiOjEwLCJOaWNrTmFtZSI6Iui2hee6p-euoeeQhuWRmCIsIkF1dGhvcml0eUlkIjoiODg4IiwiZXhwIjoxNTc4MTMzNzM2LCJpc3MiOiJxbVBsdXMiLCJuYmYiOjE1Nzc1Mjc5MzZ9.T7ikGw-lgAAQlfMne7zPIF-PlfQMg37uBCYJ24Y_B38'),(4,'2019-12-28 23:31:02','2019-12-28 23:31:02',NULL,'eyJhbGciOiJIUzI1NiIsInR5cCI6IkpXVCJ9.eyJVVUlEIjoiY2UwZDY2ODUtYzE1Zi00MTI2LWE1YjQtODkwYmM5ZDIzNTZkIiwiSUQiOjEwLCJOaWNrTmFtZSI6Iui2hee6p-euoeeQhuWRmCIsIkF1dGhvcml0eUlkIjoiODg4IiwiZXhwIjoxNTc4MTMzODUzLCJpc3MiOiJxbVBsdXMiLCJuYmYiOjE1Nzc1MjgwNTN9.tDzUm4KNFeJCErNfZGfuF2tcuolga2f_2dE0nTl_UZU'),(5,'2019-12-28 23:31:25','2019-12-28 23:31:25',NULL,'eyJhbGciOiJIUzI1NiIsInR5cCI6IkpXVCJ9.eyJVVUlEIjoiY2UwZDY2ODUtYzE1Zi00MTI2LWE1YjQtODkwYmM5ZDIzNTZkIiwiSUQiOjEwLCJOaWNrTmFtZSI6Iui2hee6p-euoeeQhuWRmCIsIkF1dGhvcml0eUlkIjoiODg4IiwiZXhwIjoxNTc4MTMzODcwLCJpc3MiOiJxbVBsdXMiLCJuYmYiOjE1Nzc1MjgwNzB9.mspXy9sqQO_5PusPReLalodo_ybWRKxb3Ownf2r2HxE'),(6,'2019-12-30 19:20:10','2019-12-30 19:20:10',NULL,'eyJhbGciOiJIUzI1NiIsInR5cCI6IkpXVCJ9.eyJVVUlEIjoiY2UwZDY2ODUtYzE1Zi00MTI2LWE1YjQtODkwYmM5ZDIzNTZkIiwiSUQiOjEwLCJOaWNrTmFtZSI6Iui2hee6p-euoeeQhuWRmCIsIkF1dGhvcml0eUlkIjoiODg4IiwiZXhwIjoxNTc4MjkxNTc2LCJpc3MiOiJxbVBsdXMiLCJuYmYiOjE1Nzc2ODU3NzZ9.AR2KYShboFKsHTjwohxEkA3lytttfZqRH849sl2fNdw'),(7,'2019-12-30 19:21:14','2019-12-30 19:21:14',NULL,'eyJhbGciOiJIUzI1NiIsInR5cCI6IkpXVCJ9.eyJVVUlEIjoiY2UwZDY2ODUtYzE1Zi00MTI2LWE1YjQtODkwYmM5ZDIzNTZkIiwiSUQiOjEwLCJOaWNrTmFtZSI6Iui2hee6p-euoeeQhuWRmCIsIkF1dGhvcml0eUlkIjoiODg4IiwiZXhwIjoxNTc4MjkxNjE2LCJpc3MiOiJxbVBsdXMiLCJuYmYiOjE1Nzc2ODU4MTZ9.h8zbDVHM_QbBI-ejGXeQpw0S9oYHJyP4U-TwsVFus9Q'),(8,'2019-12-30 19:21:57','2019-12-30 19:21:57',NULL,'eyJhbGciOiJIUzI1NiIsInR5cCI6IkpXVCJ9.eyJVVUlEIjoiY2UwZDY2ODUtYzE1Zi00MTI2LWE1YjQtODkwYmM5ZDIzNTZkIiwiSUQiOjEwLCJOaWNrTmFtZSI6Iui2hee6p-euoeeQhuWRmCIsIkF1dGhvcml0eUlkIjoiODg4IiwiZXhwIjoxNTc4MjkxNjgxLCJpc3MiOiJxbVBsdXMiLCJuYmYiOjE1Nzc2ODU4ODF9.CSjolDGVpU0g7YG6TaPAlWAMdhtvnBhAi-XYYWZ6RLo'),(9,'2019-12-30 19:25:01','2019-12-30 19:25:01',NULL,'eyJhbGciOiJIUzI1NiIsInR5cCI6IkpXVCJ9.eyJVVUlEIjoiY2UwZDY2ODUtYzE1Zi00MTI2LWE1YjQtODkwYmM5ZDIzNTZkIiwiSUQiOjEwLCJOaWNrTmFtZSI6Iui2hee6p-euoeeQhuWRmCIsIkF1dGhvcml0eUlkIjoiODg4IiwiZXhwIjoxNTc4MjkxODIyLCJpc3MiOiJxbVBsdXMiLCJuYmYiOjE1Nzc2ODYwMjJ9.Y_s22Vh5J2ah6Kh1nZQQ8XIQspbT4I7tzc_YJqWrRWM'),(10,'2019-12-30 19:29:26','2019-12-30 19:29:26',NULL,'eyJhbGciOiJIUzI1NiIsInR5cCI6IkpXVCJ9.eyJVVUlEIjoiY2UwZDY2ODUtYzE1Zi00MTI2LWE1YjQtODkwYmM5ZDIzNTZkIiwiSUQiOjEwLCJOaWNrTmFtZSI6Iui2hee6p-euoeeQhuWRmCIsIkF1dGhvcml0eUlkIjoiODg4IiwiZXhwIjoxNTc4MjkyMTU0LCJpc3MiOiJxbVBsdXMiLCJuYmYiOjE1Nzc2ODYzNTR9.4HJdx-sfYE5TUUefdwi3yZ6dY_jG7WwEC_55WuGawY8'),(11,'2019-12-30 19:43:43','2019-12-30 19:43:43',NULL,'eyJhbGciOiJIUzI1NiIsInR5cCI6IkpXVCJ9.eyJVVUlEIjoiY2UwZDY2ODUtYzE1Zi00MTI2LWE1YjQtODkwYmM5ZDIzNTZkIiwiSUQiOjEwLCJOaWNrTmFtZSI6Iui2hee6p-euoeeQhuWRmCIsIkF1dGhvcml0eUlkIjoiODg4IiwiZXhwIjoxNTc4MjkyMTcwLCJpc3MiOiJxbVBsdXMiLCJuYmYiOjE1Nzc2ODYzNzB9.YEhupQVwjMVBB2eAcAoGG-vJczoxuUyn6KR-tDWU86I'),(12,'2019-12-30 19:55:13','2019-12-30 19:55:13',NULL,'eyJhbGciOiJIUzI1NiIsInR5cCI6IkpXVCJ9.eyJVVUlEIjoiY2UwZDY2ODUtYzE1Zi00MTI2LWE1YjQtODkwYmM5ZDIzNTZkIiwiSUQiOjEwLCJOaWNrTmFtZSI6Iui2hee6p-euoeeQhuWRmCIsIkF1dGhvcml0eUlkIjoiODg4IiwiZXhwIjoxNTc4MjkzMDI3LCJpc3MiOiJxbVBsdXMiLCJuYmYiOjE1Nzc2ODcyMjd9.r_sE_Z31cFdS2nCf3iyQjuiZe0Z3HPR07wKBGlUHsnk'),(13,'2019-12-30 19:58:31','2019-12-30 19:58:31',NULL,'eyJhbGciOiJIUzI1NiIsInR5cCI6IkpXVCJ9.eyJVVUlEIjoiY2UwZDY2ODUtYzE1Zi00MTI2LWE1YjQtODkwYmM5ZDIzNTZkIiwiSUQiOjEwLCJOaWNrTmFtZSI6Iui2hee6p-euoeeQhuWRmCIsIkF1dGhvcml0eUlkIjoiODg4IiwiZXhwIjoxNTc4MjkzNzY2LCJpc3MiOiJxbVBsdXMiLCJuYmYiOjE1Nzc2ODc5NjZ9.dYFlmyIKQZjzTCKu56wCmxXiW6zOayN_YgygCcvCyLk'),(14,'2019-12-30 19:58:38','2019-12-30 19:58:38',NULL,'eyJhbGciOiJIUzI1NiIsInR5cCI6IkpXVCJ9.eyJVVUlEIjoiY2UwZDY2ODUtYzE1Zi00MTI2LWE1YjQtODkwYmM5ZDIzNTZkIiwiSUQiOjEwLCJOaWNrTmFtZSI6Iui2hee6p-euoeeQhuWRmCIsIkF1dGhvcml0eUlkIjoiODg4IiwiZXhwIjoxNTc4MjkzOTEwLCJpc3MiOiJxbVBsdXMiLCJuYmYiOjE1Nzc2ODgxMTB9.pPmzsHU4UceZuPFT_G-SDdxe6FD3MuL47HkovpI-_0c'),(15,'2019-12-30 19:58:58','2019-12-30 19:58:58',NULL,'eyJhbGciOiJIUzI1NiIsInR5cCI6IkpXVCJ9.eyJVVUlEIjoiY2UwZDY2ODUtYzE1Zi00MTI2LWE1YjQtODkwYmM5ZDIzNTZkIiwiSUQiOjEwLCJOaWNrTmFtZSI6Iui2hee6p-euoeeQhuWRmCIsIkF1dGhvcml0eUlkIjoiODg4IiwiZXhwIjoxNTc4MjkzOTE4LCJpc3MiOiJxbVBsdXMiLCJuYmYiOjE1Nzc2ODgxMTh9.irf98R0belbXtb8x9SxsvuhiYsbHMPbHbFDxaaH0z6Q'),(16,'2020-01-06 21:32:31','2020-01-06 21:32:31',NULL,'eyJhbGciOiJIUzI1NiIsInR5cCI6IkpXVCJ9.eyJVVUlEIjoiY2UwZDY2ODUtYzE1Zi00MTI2LWE1YjQtODkwYmM5ZDIzNTZkIiwiSUQiOjEwLCJOaWNrTmFtZSI6Iui2hee6p-euoeeQhuWRmCIsIkF1dGhvcml0eUlkIjoiODg4IiwiZXhwIjoxNTc4OTAzMjk5LCJpc3MiOiJxbVBsdXMiLCJuYmYiOjE1NzgyOTc0OTl9.jgLfjvek7sQyuZ2TABQvLOyu_ifNw_KYzfY3VTLL4fw'),(17,'2020-01-06 21:33:08','2020-01-06 21:33:08',NULL,'eyJhbGciOiJIUzI1NiIsInR5cCI6IkpXVCJ9.eyJVVUlEIjoiY2UwZDY2ODUtYzE1Zi00MTI2LWE1YjQtODkwYmM5ZDIzNTZkIiwiSUQiOjEwLCJOaWNrTmFtZSI6Iui2hee6p-euoeeQhuWRmCIsIkF1dGhvcml0eUlkIjoiODg4IiwiZXhwIjoxNTc4OTA0MzU4LCJpc3MiOiJxbVBsdXMiLCJuYmYiOjE1NzgyOTg1NTh9.89r6xHZUBDjfmNpmF02RjQXYTBGUiJvOEDP8pydNt-A'),(18,'2020-01-06 21:33:18','2020-01-06 21:33:18',NULL,'eyJhbGciOiJIUzI1NiIsInR5cCI6IkpXVCJ9.eyJVVUlEIjoiY2UwZDY2ODUtYzE1Zi00MTI2LWE1YjQtODkwYmM5ZDIzNTZkIiwiSUQiOjEwLCJOaWNrTmFtZSI6Iui2hee6p-euoeeQhuWRmCIsIkF1dGhvcml0eUlkIjoiODg4IiwiZXhwIjoxNTc4OTA0MzkyLCJpc3MiOiJxbVBsdXMiLCJuYmYiOjE1NzgyOTg1OTJ9.6Yv9ZYhN-TH9H4SoZEAkjevKVX0vLHL1lVQGFpfBr2U'),(19,'2020-01-06 21:36:06','2020-01-06 21:36:06',NULL,'eyJhbGciOiJIUzI1NiIsInR5cCI6IkpXVCJ9.eyJVVUlEIjoiY2UwZDY2ODUtYzE1Zi00MTI2LWE1YjQtODkwYmM5ZDIzNTZkIiwiSUQiOjEwLCJOaWNrTmFtZSI6Iui2hee6p-euoeeQhuWRmCIsIkF1dGhvcml0eUlkIjoiODg4IiwiZXhwIjoxNTc4OTA0NDA5LCJpc3MiOiJxbVBsdXMiLCJuYmYiOjE1NzgyOTg2MDl9._9zRRK76XH_KgrW1X9P5GTLW9dwfIixB4QUsC7M3RHA'),(20,'2020-01-06 21:44:06','2020-01-06 21:44:06',NULL,'eyJhbGciOiJIUzI1NiIsInR5cCI6IkpXVCJ9.eyJVVUlEIjoiY2UwZDY2ODUtYzE1Zi00MTI2LWE1YjQtODkwYmM5ZDIzNTZkIiwiSUQiOjEwLCJOaWNrTmFtZSI6Iui2hee6p-euoeeQhuWRmCIsIkF1dGhvcml0eUlkIjoiODg4IiwiZXhwIjoxNTc4OTA0NTcxLCJpc3MiOiJxbVBsdXMiLCJuYmYiOjE1NzgyOTg3NzF9.5ki0TZooCorK81xWpYa-OO3RR-Bpp5am_uNCNPh4250'),(21,'2020-01-06 21:45:50','2020-01-06 21:45:50',NULL,'eyJhbGciOiJIUzI1NiIsInR5cCI6IkpXVCJ9.eyJVVUlEIjoiY2UwZDY2ODUtYzE1Zi00MTI2LWE1YjQtODkwYmM5ZDIzNTZkIiwiSUQiOjEwLCJOaWNrTmFtZSI6Iui2hee6p-euoeeQhuWRmCIsIkF1dGhvcml0eUlkIjoiODg4IiwiZXhwIjoxNTc4OTA1MDUwLCJpc3MiOiJxbVBsdXMiLCJuYmYiOjE1NzgyOTkyNTB9.A0n5faE0X0TyRb_1RvAQBLooY-peapPTD0LnJD03Ul0'),(22,'2020-01-06 21:46:24','2020-01-06 21:46:24',NULL,'eyJhbGciOiJIUzI1NiIsInR5cCI6IkpXVCJ9.eyJVVUlEIjoiY2UwZDY2ODUtYzE1Zi00MTI2LWE1YjQtODkwYmM5ZDIzNTZkIiwiSUQiOjEwLCJOaWNrTmFtZSI6Iui2hee6p-euoeeQhuWRmCIsIkF1dGhvcml0eUlkIjoiODg4IiwiZXhwIjoxNTc4OTA1MTU0LCJpc3MiOiJxbVBsdXMiLCJuYmYiOjE1NzgyOTkzNTR9.VtqTOJ-MQY2K3w4tM7HgT0z73CEOd3CDqmYqKCjXxnc'),(23,'2020-01-06 21:47:20','2020-01-06 21:47:20',NULL,'eyJhbGciOiJIUzI1NiIsInR5cCI6IkpXVCJ9.eyJVVUlEIjoiY2UwZDY2ODUtYzE1Zi00MTI2LWE1YjQtODkwYmM5ZDIzNTZkIiwiSUQiOjEwLCJOaWNrTmFtZSI6Iui2hee6p-euoeeQhuWRmCIsIkF1dGhvcml0eUlkIjoiODg4IiwiZXhwIjoxNTc4OTA1MTg3LCJpc3MiOiJxbVBsdXMiLCJuYmYiOjE1NzgyOTkzODd9.fwL1QakF30SHSaGDkPo3weIg0l7kiAGwNq_fKsFxquc'),(24,'2020-01-06 21:47:57','2020-01-06 21:47:57',NULL,'eyJhbGciOiJIUzI1NiIsInR5cCI6IkpXVCJ9.eyJVVUlEIjoiY2UwZDY2ODUtYzE1Zi00MTI2LWE1YjQtODkwYmM5ZDIzNTZkIiwiSUQiOjEwLCJOaWNrTmFtZSI6Iui2hee6p-euoeeQhuWRmCIsIkF1dGhvcml0eUlkIjoiODg4IiwiZXhwIjoxNTc4OTA1MjQ0LCJpc3MiOiJxbVBsdXMiLCJuYmYiOjE1NzgyOTk0NDR9.VoKdA0-brmUlQ5bYufIdMWrS-cCQ2ARm7_jeVtfvCpc'),(25,'2020-01-06 21:49:08','2020-01-06 21:49:08',NULL,'eyJhbGciOiJIUzI1NiIsInR5cCI6IkpXVCJ9.eyJVVUlEIjoiY2UwZDY2ODUtYzE1Zi00MTI2LWE1YjQtODkwYmM5ZDIzNTZkIiwiSUQiOjEwLCJOaWNrTmFtZSI6Iui2hee6p-euoeeQhuWRmCIsIkF1dGhvcml0eUlkIjoiODg4IiwiZXhwIjoxNTc4OTA1Mjg1LCJpc3MiOiJxbVBsdXMiLCJuYmYiOjE1NzgyOTk0ODV9.a8-zmyIlJJGdonhXAzNvNH9C-nMa-Voq4bhTbiVKJzE'),(26,'2020-01-06 21:49:32','2020-01-06 21:49:32',NULL,'eyJhbGciOiJIUzI1NiIsInR5cCI6IkpXVCJ9.eyJVVUlEIjoiY2UwZDY2ODUtYzE1Zi00MTI2LWE1YjQtODkwYmM5ZDIzNTZkIiwiSUQiOjEwLCJOaWNrTmFtZSI6Iui2hee6p-euoeeQhuWRmCIsIkF1dGhvcml0eUlkIjoiODg4IiwiZXhwIjoxNTc4OTA1MzUyLCJpc3MiOiJxbVBsdXMiLCJuYmYiOjE1NzgyOTk1NTJ9.l4e3rjtrDgRsqnQwizJ-ZXVUVM8ywSJcNJkkEVYbdzU'),(27,'2020-01-06 21:49:58','2020-01-06 21:49:58',NULL,'eyJhbGciOiJIUzI1NiIsInR5cCI6IkpXVCJ9.eyJVVUlEIjoiY2UwZDY2ODUtYzE1Zi00MTI2LWE1YjQtODkwYmM5ZDIzNTZkIiwiSUQiOjEwLCJOaWNrTmFtZSI6Iui2hee6p-euoeeQhuWRmCIsIkF1dGhvcml0eUlkIjoiODg4IiwiZXhwIjoxNTc4OTA1Mzc3LCJpc3MiOiJxbVBsdXMiLCJuYmYiOjE1NzgyOTk1Nzd9.mXUPYvmXbntrdywpBNM0j9sP991cwfhc9b0KvUM4dG4'),(28,'2020-01-06 21:50:56','2020-01-06 21:50:56',NULL,'eyJhbGciOiJIUzI1NiIsInR5cCI6IkpXVCJ9.eyJVVUlEIjoiY2UwZDY2ODUtYzE1Zi00MTI2LWE1YjQtODkwYmM5ZDIzNTZkIiwiSUQiOjEwLCJOaWNrTmFtZSI6Iui2hee6p-euoeeQhuWRmCIsIkF1dGhvcml0eUlkIjoiODg4IiwiZXhwIjoxNTc4OTA1NDExLCJpc3MiOiJxbVBsdXMiLCJuYmYiOjE1NzgyOTk2MTF9.Z21e8nWHKV5XvYg61CZCz3nMK25m_FmlxncxGMpMS0k'),(29,'2020-01-06 21:52:03','2020-01-06 21:52:03',NULL,'eyJhbGciOiJIUzI1NiIsInR5cCI6IkpXVCJ9.eyJVVUlEIjoiY2UwZDY2ODUtYzE1Zi00MTI2LWE1YjQtODkwYmM5ZDIzNTZkIiwiSUQiOjEwLCJOaWNrTmFtZSI6Iui2hee6p-euoeeQhuWRmCIsIkF1dGhvcml0eUlkIjoiODg4IiwiZXhwIjoxNTc4OTA1NDY0LCJpc3MiOiJxbVBsdXMiLCJuYmYiOjE1NzgyOTk2NjR9.qzptIyCcL_SPm6TGwXML8Rih3qYqj9GLUpWzTpSPPuI'),(30,'2020-01-06 21:52:36','2020-01-06 21:52:36',NULL,'eyJhbGciOiJIUzI1NiIsInR5cCI6IkpXVCJ9.eyJVVUlEIjoiY2UwZDY2ODUtYzE1Zi00MTI2LWE1YjQtODkwYmM5ZDIzNTZkIiwiSUQiOjEwLCJOaWNrTmFtZSI6Iui2hee6p-euoeeQhuWRmCIsIkF1dGhvcml0eUlkIjoiODg4IiwiZXhwIjoxNTc4OTA1NTI3LCJpc3MiOiJxbVBsdXMiLCJuYmYiOjE1NzgyOTk3Mjd9.D9e8qbx44CLX0ZInwNlIqTGS_sSE069TRIDkQAk7tVY'),(31,'2020-01-06 21:54:35','2020-01-06 21:54:35',NULL,'eyJhbGciOiJIUzI1NiIsInR5cCI6IkpXVCJ9.eyJVVUlEIjoiY2UwZDY2ODUtYzE1Zi00MTI2LWE1YjQtODkwYmM5ZDIzNTZkIiwiSUQiOjEwLCJOaWNrTmFtZSI6Iui2hee6p-euoeeQhuWRmCIsIkF1dGhvcml0eUlkIjoiODg4IiwiZXhwIjoxNTc4OTA1NTY1LCJpc3MiOiJxbVBsdXMiLCJuYmYiOjE1NzgyOTk3NjV9.D4EZmVAJ96kxcyIfWkT_LA81t1JCuQZcYmQkkoNhtPo'),(32,'2020-01-06 21:55:40','2020-01-06 21:55:40',NULL,'eyJhbGciOiJIUzI1NiIsInR5cCI6IkpXVCJ9.eyJVVUlEIjoiY2UwZDY2ODUtYzE1Zi00MTI2LWE1YjQtODkwYmM5ZDIzNTZkIiwiSUQiOjEwLCJOaWNrTmFtZSI6Iui2hee6p-euoeeQhuWRmCIsIkF1dGhvcml0eUlkIjoiODg4IiwiZXhwIjoxNTc4OTA1NjgzLCJpc3MiOiJxbVBsdXMiLCJuYmYiOjE1NzgyOTk4ODN9.SJL2fFMbe5VL2YWBzMlrhxbBIJhIHTUeodkEpgH1Xgo'),(33,'2020-01-06 21:57:28','2020-01-06 21:57:28',NULL,'eyJhbGciOiJIUzI1NiIsInR5cCI6IkpXVCJ9.eyJVVUlEIjoiY2UwZDY2ODUtYzE1Zi00MTI2LWE1YjQtODkwYmM5ZDIzNTZkIiwiSUQiOjEwLCJOaWNrTmFtZSI6Iui2hee6p-euoeeQhuWRmCIsIkF1dGhvcml0eUlkIjoiODg4IiwiZXhwIjoxNTc4OTA1NzU4LCJpc3MiOiJxbVBsdXMiLCJuYmYiOjE1NzgyOTk5NTh9.6y12UkOeW7vz7gGTcYaN3Y-2Ut2QmjgU9WEuy_pneGM'),(34,'2020-01-06 21:59:02','2020-01-06 21:59:02',NULL,'eyJhbGciOiJIUzI1NiIsInR5cCI6IkpXVCJ9.eyJVVUlEIjoiY2UwZDY2ODUtYzE1Zi00MTI2LWE1YjQtODkwYmM5ZDIzNTZkIiwiSUQiOjEwLCJOaWNrTmFtZSI6Iui2hee6p-euoeeQhuWRmCIsIkF1dGhvcml0eUlkIjoiODg4IiwiZXhwIjoxNTc4OTA1ODU1LCJpc3MiOiJxbVBsdXMiLCJuYmYiOjE1NzgzMDAwNTV9.G0q9X7Ld3cN_BO-K219b7tFAHgtpiAwqLPoxVNKsEl8'),(35,'2020-01-06 21:59:26','2020-01-06 21:59:26',NULL,'eyJhbGciOiJIUzI1NiIsInR5cCI6IkpXVCJ9.eyJVVUlEIjoiY2UwZDY2ODUtYzE1Zi00MTI2LWE1YjQtODkwYmM5ZDIzNTZkIiwiSUQiOjEwLCJOaWNrTmFtZSI6Iui2hee6p-euoeeQhuWRmCIsIkF1dGhvcml0eUlkIjoiODg4IiwiZXhwIjoxNTc4OTA1OTQ2LCJpc3MiOiJxbVBsdXMiLCJuYmYiOjE1NzgzMDAxNDZ9.cmBgWiztsnh7zF3OUNIDQKv8wzGJF7fllUv-4LlYxu8'),(36,'2020-03-21 18:46:14','2020-03-21 18:46:14',NULL,'eyJhbGciOiJIUzI1NiIsInR5cCI6IkpXVCJ9.eyJVVUlEIjoiY2UwZDY2ODUtYzE1Zi00MTI2LWE1YjQtODkwYmM5ZDIzNTZkIiwiSUQiOjEwLCJOaWNrTmFtZSI6Iui2hee6p-euoeeQhuWRmCIsIkF1dGhvcml0eUlkIjoiODg4IiwiZXhwIjoxNTg1Mzc3ODY3LCJpc3MiOiJxbVBsdXMiLCJuYmYiOjE1ODQ3NzIwNjd9.DLhWhD1FdcWLyFLcXQynKJnenbVHrSiKhlDGFRzgo5k'),(37,'2020-03-31 18:24:35','2020-03-31 18:24:35',NULL,'eyJhbGciOiJIUzI1NiIsInR5cCI6IkpXVCJ9.eyJVVUlEIjoiY2UwZDY2ODUtYzE1Zi00MTI2LWE1YjQtODkwYmM5ZDIzNTZkIiwiSUQiOjEwLCJOaWNrTmFtZSI6Iui2hee6p-euoeeQhuWRmCIsIkF1dGhvcml0eUlkIjoiODg4IiwiZXhwIjoxNTg2MTM4MTA4LCJpc3MiOiJxbVBsdXMiLCJuYmYiOjE1ODU1MzIzMDh9.Ro2F2dZLfOk2Z_OPRbweOuCpchr6HlHfQIF5qjfc8y4'),(38,'2020-04-01 20:07:57','2020-04-01 20:07:57',NULL,'eyJhbGciOiJIUzI1NiIsInR5cCI6IkpXVCJ9.eyJVVUlEIjoiY2UwZDY2ODUtYzE1Zi00MTI2LWE1YjQtODkwYmM5ZDIzNTZkIiwiSUQiOjEwLCJOaWNrTmFtZSI6Iui2hee6p-euoeeQhuWRmCIsIkF1dGhvcml0eUlkIjoiODg4IiwiZXhwIjoxNTg2MjQwNzQyLCJpc3MiOiJxbVBsdXMiLCJuYmYiOjE1ODU2MzQ5NDJ9.9qaOFu7D5cq4vxTfLi4pyO_JGcKjVAEJIcoStJWJlYg'),(39,'2020-04-15 20:30:41','2020-04-15 20:30:41',NULL,'eyJhbGciOiJIUzI1NiIsInR5cCI6IkpXVCJ9.eyJVVUlEIjoiY2UwZDY2ODUtYzE1Zi00MTI2LWE1YjQtODkwYmM5ZDIzNTZkIiwiSUQiOjEwLCJOaWNrTmFtZSI6Iui2hee6p-euoeeQhuWRmCIsIkF1dGhvcml0eUlkIjoiODg4IiwiZXhwIjoxNTg3MDk1Njg5LCJpc3MiOiJxbVBsdXMiLCJuYmYiOjE1ODY0ODk4ODl9.-cNmRAyqhylZlzakwoFY08x7RnjI3CiWTiQc_Iabb-c'),(40,'2020-04-15 20:39:26','2020-04-15 20:39:26',NULL,'eyJhbGciOiJIUzI1NiIsInR5cCI6IkpXVCJ9.eyJVVUlEIjoiY2UwZDY2ODUtYzE1Zi00MTI2LWE1YjQtODkwYmM5ZDIzNTZkIiwiSUQiOjEwLCJOaWNrTmFtZSI6Iui2hee6p-euoeeQhuWRmCIsIkF1dGhvcml0eUlkIjoiODg4IiwiZXhwIjoxNTg3NTQ0MjUwLCJpc3MiOiJxbVBsdXMiLCJuYmYiOjE1ODY5Mzg0NTB9.smVP-Rl1EkAuUVqXW7z0mpxA5O86vXj0oH4FukG-NVA'),(41,'2020-04-15 21:08:06','2020-04-15 21:08:06',NULL,'eyJhbGciOiJIUzI1NiIsInR5cCI6IkpXVCJ9.eyJVVUlEIjoiY2UwZDY2ODUtYzE1Zi00MTI2LWE1YjQtODkwYmM5ZDIzNTZkIiwiSUQiOjEwLCJOaWNrTmFtZSI6Iui2hee6p-euoeeQhuWRmCIsIkF1dGhvcml0eUlkIjoiODg4IiwiZXhwIjoxNTg3NTQ0NzgxLCJpc3MiOiJxbVBsdXMiLCJuYmYiOjE1ODY5Mzg5ODF9.OMZ08Y8aPuj40-NGEQ402LyRFBpkLWzzaqD3_tvj1h8'),(42,'2020-04-15 21:08:28','2020-04-15 21:08:28',NULL,'eyJhbGciOiJIUzI1NiIsInR5cCI6IkpXVCJ9.eyJVVUlEIjoiY2UwZDY2ODUtYzE1Zi00MTI2LWE1YjQtODkwYmM5ZDIzNTZkIiwiSUQiOjEwLCJOaWNrTmFtZSI6Iui2hee6p-euoeeQhuWRmCIsIkF1dGhvcml0eUlkIjoiODg4IiwiZXhwIjoxNTg3NTQ2NDk0LCJpc3MiOiJxbVBsdXMiLCJuYmYiOjE1ODY5NDA2OTR9.9lsoTbZrwhZ8kMXiH-Ta3A4h_yp7SwLj57mo_u5mrk4'),(43,'2020-04-15 21:10:24','2020-04-15 21:10:24',NULL,'eyJhbGciOiJIUzI1NiIsInR5cCI6IkpXVCJ9.eyJVVUlEIjoiY2UwZDY2ODUtYzE1Zi00MTI2LWE1YjQtODkwYmM5ZDIzNTZkIiwiSUQiOjEwLCJOaWNrTmFtZSI6Iui2hee6p-euoeeQhuWRmCIsIkF1dGhvcml0eUlkIjoiODg4IiwiZXhwIjoxNTg3NTQ2NTE1LCJpc3MiOiJxbVBsdXMiLCJuYmYiOjE1ODY5NDA3MTV9.5SrUrUmd4YhzlGmSpA9xJW_wbjV6yI6ty_NriIceOQo'),(44,'2020-04-15 21:11:43','2020-04-15 21:11:43',NULL,'eyJhbGciOiJIUzI1NiIsInR5cCI6IkpXVCJ9.eyJVVUlEIjoiY2UwZDY2ODUtYzE1Zi00MTI2LWE1YjQtODkwYmM5ZDIzNTZkIiwiSUQiOjEwLCJOaWNrTmFtZSI6Iui2hee6p-euoeeQhuWRmCIsIkF1dGhvcml0eUlkIjoiODg4IiwiZXhwIjoxNTg3NTQ2NjI5LCJpc3MiOiJxbVBsdXMiLCJuYmYiOjE1ODY5NDA4Mjl9.SFiomEpOshboOe0JGDa1HlJt5aQIF7IeyOsoDwl1o8E'),(45,'2020-04-15 21:12:54','2020-04-15 21:12:54',NULL,'eyJhbGciOiJIUzI1NiIsInR5cCI6IkpXVCJ9.eyJVVUlEIjoiY2UwZDY2ODUtYzE1Zi00MTI2LWE1YjQtODkwYmM5ZDIzNTZkIiwiSUQiOjEwLCJOaWNrTmFtZSI6Iui2hee6p-euoeeQhuWRmCIsIkF1dGhvcml0eUlkIjoiODg4IiwiZXhwIjoxNTg3NTQ2NzE4LCJpc3MiOiJxbVBsdXMiLCJuYmYiOjE1ODY5NDA5MTh9.xrwEknZQN2J3poarMTQvb7mX1Icicz2_f60kw36g9og'),(46,'2020-04-15 21:14:47','2020-04-15 21:14:47',NULL,'eyJhbGciOiJIUzI1NiIsInR5cCI6IkpXVCJ9.eyJVVUlEIjoiY2UwZDY2ODUtYzE1Zi00MTI2LWE1YjQtODkwYmM5ZDIzNTZkIiwiSUQiOjEwLCJOaWNrTmFtZSI6Iui2hee6p-euoeeQhuWRmCIsIkF1dGhvcml0eUlkIjoiODg4IiwiZXhwIjoxNTg3NTQ2Nzg5LCJpc3MiOiJxbVBsdXMiLCJuYmYiOjE1ODY5NDA5ODl9.3jbdl1N0KA8ExFMWXHi3ha4aESKq8yDKDgpSH4Xdsnk'),(47,'2020-04-22 16:04:20','2020-04-22 16:04:20',NULL,'eyJhbGciOiJIUzI1NiIsInR5cCI6IkpXVCJ9.eyJVVUlEIjoiY2UwZDY2ODUtYzE1Zi00MTI2LWE1YjQtODkwYmM5ZDIzNTZkIiwiSUQiOjEwLCJOaWNrTmFtZSI6Iui2hee6p-euoeeQhuWRmCIsIkF1dGhvcml0eUlkIjoiODg4IiwiZXhwIjoxNTg3NjE2MTYwLCJpc3MiOiJxbVBsdXMiLCJuYmYiOjE1ODcwMTAzNjB9.jRHlnfXuJhp4hBE-QqCZ-lodzwK67IBkDI2xteB0OQw'),(48,'2020-04-22 16:12:17','2020-04-22 16:12:17',NULL,'eyJhbGciOiJIUzI1NiIsInR5cCI6IkpXVCJ9.eyJVVUlEIjoiY2UwZDY2ODUtYzE1Zi00MTI2LWE1YjQtODkwYmM5ZDIzNTZkIiwiSUQiOjEwLCJOaWNrTmFtZSI6Iui2hee6p-euoeeQhuWRmCIsIkF1dGhvcml0eUlkIjoiODg4IiwiZXhwIjoxNTg4MTMzMjQyLCJpc3MiOiJxbVBsdXMiLCJuYmYiOjE1ODc1Mjc0NDJ9.WJ59uRUxXJ7-rUH07mE6jCfnwgfvQnpPaLU5vJ_VhWM'),(51,'2020-06-21 22:49:38','2020-06-21 22:49:38',NULL,'eyJhbGciOiJIUzI1NiIsInR5cCI6IkpXVCJ9.eyJVVUlEIjoiY2UwZDY2ODUtYzE1Zi00MTI2LWE1YjQtODkwYmM5ZDIzNTZkIiwiSUQiOjEwLCJOaWNrTmFtZSI6Iui2hee6p-euoeeQhuWRmCIsIkF1dGhvcml0eUlkIjoiODg4IiwiZXhwIjoxNTkzMzI5MTAzLCJpc3MiOiJxbVBsdXMiLCJuYmYiOjE1OTI3MjMzMDN9.Y9TGhiEmY12rmWr2UOIj8Jh2Ze-6wc3QMMykyJVLp-w'),(52,'2020-06-21 22:55:14','2020-06-21 22:55:14',NULL,'eyJhbGciOiJIUzI1NiIsInR5cCI6IkpXVCJ9.eyJVVUlEIjoiY2UwZDY2ODUtYzE1Zi00MTI2LWE1YjQtODkwYmM5ZDIzNTZkIiwiSUQiOjEwLCJOaWNrTmFtZSI6Iui2hee6p-euoeeQhuWRmCIsIkF1dGhvcml0eUlkIjoiODg4IiwiZXhwIjoxNTkzMzQxMzk1LCJpc3MiOiJxbVBsdXMiLCJuYmYiOjE1OTI3MzU1OTV9.BRdTLyAxhK7oq4bcWdSyRKUMCs8dJ4TJI7tJOntoxs4'),(53,'2020-06-21 22:58:21','2020-06-21 22:58:21',NULL,'eyJhbGciOiJIUzI1NiIsInR5cCI6IkpXVCJ9.eyJVVUlEIjoiY2UwZDY2ODUtYzE1Zi00MTI2LWE1YjQtODkwYmM5ZDIzNTZkIiwiSUQiOjEwLCJOaWNrTmFtZSI6Iui2hee6p-euoeeQhuWRmCIsIkF1dGhvcml0eUlkIjoiODg4IiwiZXhwIjoxNTkzMzQxODAwLCJpc3MiOiJxbVBsdXMiLCJuYmYiOjE1OTI3MzYwMDB9.PWUeJ8lXwFSMMbMUpDFtmN9I7eKllUVReL3sLnqMljA');
/*!40000 ALTER TABLE `jwt_blacklists` ENABLE KEYS */;
UNLOCK TABLES;

--
-- Table structure for table `servers`
--

DROP TABLE IF EXISTS `servers`;
/*!40101 SET @saved_cs_client     = @@character_set_client */;
/*!40101 SET character_set_client = utf8 */;
CREATE TABLE `servers` (
  `id` int(11) NOT NULL AUTO_INCREMENT,
  `name` varchar(255) DEFAULT NULL,
  `host` varchar(255) DEFAULT NULL,
  `port` bigint(20) DEFAULT NULL,
  `user` varchar(255) DEFAULT NULL,
  `pwd` varchar(255) DEFAULT NULL,
  `status` int(11) DEFAULT NULL,
  `environment_id` int(11) DEFAULT NULL,
  PRIMARY KEY (`id`)
) ENGINE=InnoDB AUTO_INCREMENT=3 DEFAULT CHARSET=utf8mb4;
/*!40101 SET character_set_client = @saved_cs_client */;

--
-- Dumping data for table `servers`
--

LOCK TABLES `servers` WRITE;
/*!40000 ALTER TABLE `servers` DISABLE KEYS */;
INSERT INTO `servers` VALUES (1,'链路追踪1','192.168.2.35',22,'www-data','2TjBVpL23eLmxQitPcSRjt8tMAwTFpM22hVlbjQ6AhA=',1,2),(2,'国外主机','96.45.183.49',26823,'www-data','2TjBVpL23eLmxQitPcSRjpk1wcnejo5DUiIOvBwyaK0=',1,4);
/*!40000 ALTER TABLE `servers` ENABLE KEYS */;
UNLOCK TABLES;

--
-- Table structure for table `sys_apis`
--

DROP TABLE IF EXISTS `sys_apis`;
/*!40101 SET @saved_cs_client     = @@character_set_client */;
/*!40101 SET character_set_client = utf8 */;
CREATE TABLE `sys_apis` (
  `id` int(10) unsigned NOT NULL AUTO_INCREMENT,
  `created_at` timestamp NULL DEFAULT NULL,
  `updated_at` timestamp NULL DEFAULT NULL,
  `deleted_at` timestamp NULL DEFAULT NULL,
  `authority_id` int(10) unsigned DEFAULT NULL,
  `path` varchar(255) DEFAULT NULL COMMENT 'api路径',
  `description` varchar(255) DEFAULT NULL COMMENT 'api中文描述',
  `api_group` varchar(255) DEFAULT NULL COMMENT 'api组',
  `method` varchar(255) DEFAULT 'POST' COMMENT '方法',
  PRIMARY KEY (`id`) USING BTREE,
  KEY `idx_apis_deleted_at` (`deleted_at`) USING BTREE,
  KEY `idx_sys_apis_deleted_at` (`deleted_at`) USING BTREE
) ENGINE=InnoDB AUTO_INCREMENT=84 DEFAULT CHARSET=utf8 ROW_FORMAT=COMPACT;
/*!40101 SET character_set_client = @saved_cs_client */;

--
-- Dumping data for table `sys_apis`
--

LOCK TABLES `sys_apis` WRITE;
/*!40000 ALTER TABLE `sys_apis` DISABLE KEYS */;
INSERT INTO `sys_apis` VALUES (1,'2019-09-28 15:23:49','2019-09-28 21:06:16',NULL,NULL,'/base/login','用户登录','base','POST'),(2,'2019-09-28 15:32:46','2019-09-28 21:06:11',NULL,NULL,'/base/register','用户注册','base','POST'),(3,'2019-09-28 15:33:41','2020-05-09 21:43:15',NULL,NULL,'/api/createApi','创建api','api','POST'),(4,'2019-09-28 18:09:04','2019-09-28 21:05:59',NULL,NULL,'/api/getApiList','获取api列表','api','POST'),(5,'2019-09-28 18:15:50','2019-09-28 21:05:53',NULL,NULL,'/api/getApiById','获取api详细信息','api','POST'),(7,'2019-09-28 18:19:26','2019-09-28 21:05:44',NULL,NULL,'/api/deleteApi','删除Api','api','POST'),(8,'2019-09-28 18:19:48','2019-09-28 21:05:39',NULL,NULL,'/api/updateApi','更新Api','api','POST'),(10,'2019-09-30 19:05:38','2019-09-30 19:05:38',NULL,NULL,'/api/getAllApis','获取所有api','api','POST'),(11,'2019-09-30 19:23:09','2019-09-30 19:23:09',NULL,NULL,'/authority/createAuthority','创建角色','authority','POST'),(12,'2019-09-30 19:23:33','2019-09-30 19:23:33',NULL,NULL,'/authority/deleteAuthority','删除角色','authority','POST'),(13,'2019-09-30 19:23:57','2019-09-30 19:23:57',NULL,NULL,'/authority/getAuthorityList','获取角色列表','authority','POST'),(14,'2019-09-30 19:24:20','2019-09-30 19:24:20',NULL,NULL,'/menu/getMenu','获取菜单树','menu','POST'),(15,'2019-09-30 19:24:50','2019-09-30 19:24:50',NULL,NULL,'/menu/getMenuList','分页获取基础menu列表','menu','POST'),(16,'2019-09-30 19:25:07','2019-09-30 19:25:07',NULL,NULL,'/menu/addBaseMenu','新增菜单','menu','POST'),(17,'2019-09-30 19:25:25','2019-09-30 19:25:25',NULL,NULL,'/menu/getBaseMenuTree','获取用户动态路由','menu','POST'),(18,'2019-09-30 19:25:53','2019-09-30 19:25:53',NULL,NULL,'/menu/addMenuAuthority','增加menu和角色关联关系','menu','POST'),(19,'2019-09-30 19:26:20','2019-09-30 19:26:20',NULL,NULL,'/menu/getMenuAuthority','获取指定角色menu','menu','POST'),(20,'2019-09-30 19:26:43','2019-09-30 19:26:43',NULL,NULL,'/menu/deleteBaseMenu','删除菜单','menu','POST'),(21,'2019-09-30 19:28:05','2019-09-30 19:28:05',NULL,NULL,'/menu/updateBaseMenu','更新菜单','menu','POST'),(22,'2019-09-30 19:28:21','2019-09-30 19:28:21',NULL,NULL,'/menu/getBaseMenuById','根据id获取菜单','menu','POST'),(23,'2019-09-30 19:29:19','2019-09-30 19:29:19',NULL,NULL,'/user/changePassword','修改密码','user','POST'),(24,'2019-09-30 19:29:33','2019-09-30 19:29:33',NULL,NULL,'/user/uploadHeaderImg','上传头像','user','POST'),(25,'2019-09-30 19:30:00','2020-05-06 20:03:47',NULL,NULL,'/user/deleteUser','删除用户','user','DELETE'),(28,'2019-10-09 19:15:17','2019-10-09 19:17:07',NULL,NULL,'/user/getUserList','获取用户列表','user','POST'),(29,'2019-10-10 03:01:40','2019-10-10 03:01:40',NULL,NULL,'/user/setUserAuthority','修改用户角色','user','POST'),(30,'2019-10-27 00:14:38','2019-10-27 00:14:38',NULL,NULL,'/fileUploadAndDownload/upload','文件上传示例','fileUploadAndDownload','POST'),(31,'2019-10-27 00:14:59','2019-10-27 00:14:59',NULL,NULL,'/fileUploadAndDownload/getFileList','获取上传文件列表','fileUploadAndDownload','POST'),(32,'2019-12-12 18:28:47','2019-12-12 18:28:47',NULL,NULL,'/casbin/updateCasbin','更改角色api权限','casbin','POST'),(33,'2019-12-12 18:28:59','2019-12-12 18:28:59',NULL,NULL,'/casbin/getPolicyPathByAuthorityId','获取权限列表','casbin','POST'),(34,'2019-12-12 22:02:15','2019-12-12 22:02:15',NULL,NULL,'/fileUploadAndDownload/deleteFile','删除文件','fileUploadAndDownload','POST'),(35,'2019-12-28 23:18:07','2019-12-28 23:18:07',NULL,NULL,'/jwt/jsonInBlacklist','jwt加入黑名单','jwt','POST'),(36,'2020-01-06 22:56:36','2020-01-06 22:56:36',NULL,NULL,'/authority/setDataAuthority','设置角色资源权限','authority','POST'),(37,'2020-01-13 19:04:05','2020-01-13 19:04:05',NULL,NULL,'/system/getSystemConfig','获取配置文件内容','system','POST'),(38,'2020-01-13 20:02:06','2020-01-13 20:02:06',NULL,NULL,'/system/setSystemConfig','设置配置文件内容','system','POST'),(39,'2020-02-25 20:32:39','2020-02-25 20:32:39',NULL,NULL,'/customer/customer','创建客户','customer','POST'),(40,'2020-02-25 20:32:51','2020-02-25 20:34:56',NULL,NULL,'/customer/customer','更新客户','customer','PUT'),(41,'2020-02-25 20:33:57','2020-02-25 20:33:57',NULL,NULL,'/customer/customer','删除客户','customer','DELETE'),(42,'2020-02-25 20:36:48','2020-02-25 20:37:16',NULL,NULL,'/customer/customer','获取单一客户','customer','GET'),(43,'2020-02-25 20:37:06','2020-02-25 20:37:06',NULL,NULL,'/customer/customerList','获取客户列表','customer','GET'),(44,'2020-03-12 18:36:54','2020-03-12 18:56:50',NULL,NULL,'/casbin/casbinTest/:pathParam','RESTFUL模式测试','casbin','GET'),(45,'2020-03-30 03:01:28','2020-03-30 03:01:28',NULL,NULL,'/autoCode/createTemp','自动化代码','autoCode','POST'),(46,'2020-04-15 16:46:58','2020-04-15 16:46:58',NULL,NULL,'/authority/updateAuthority','更新角色信息','authority','PUT'),(47,'2020-04-20 19:14:25','2020-04-20 19:14:25',NULL,NULL,'/authority/copyAuthority','拷贝角色','authority','POST'),(48,'2020-06-21 22:37:03','2020-07-06 23:01:05',NULL,NULL,'/resource/env/envList','环境列表','环境管理','POST'),(49,'2020-06-22 14:43:53','2020-07-06 22:20:20',NULL,NULL,'/resource/env/envCreate','环境创建','环境管理','POST'),(50,'2020-06-22 15:17:44','2020-07-06 22:20:25',NULL,NULL,'/resource/env/envUpdate','环境更新','环境管理','POST'),(51,'2020-06-22 15:45:21','2020-07-06 22:20:30',NULL,NULL,'/resource/env/envDelete','环境删除','环境管理','DELETE'),(52,'2020-07-06 23:06:58','2020-07-06 23:06:58','2020-07-07 13:57:18',NULL,'/resource/server/serverList ','主机列表','主机管理','POST'),(53,'2020-07-07 13:53:48','2020-07-07 13:53:48',NULL,NULL,'/resource/server/serverCreate','新增主机','主机管理','POST'),(54,'2020-07-07 13:57:29','2020-07-07 13:57:29',NULL,NULL,'/resource/server/serverList','主机列表','主机管理','POST'),(55,'2020-07-07 15:47:08','2020-07-07 15:47:08',NULL,NULL,'/resource/server/serverUpdate','主机更新','主机管理','POST'),(56,'2020-07-07 15:54:56','2020-07-07 15:54:56',NULL,NULL,'/resource/server/serverDelete','主机删除','主机管理','DELETE'),(57,'2020-07-07 23:31:58','2020-07-07 23:31:58',NULL,NULL,'/deploy/project/projectList','项目列表','项目管理','POST'),(58,'2020-07-08 14:05:43','2020-07-08 14:05:43',NULL,NULL,'/resource/server/platformCreateKey','平台密钥生成','主机管理','GET'),(59,'2020-07-08 19:19:32','2020-07-08 19:19:32',NULL,NULL,'/resource/server/serverConnect','连通测试','主机管理','POST'),(60,'2020-07-09 15:45:05','2020-07-09 15:45:05',NULL,NULL,'/resource/server/serverPushKey','推送公钥','主机管理','POST'),(61,'2020-07-10 18:34:39','2020-07-10 18:34:39',NULL,NULL,'/deploy/project/projectCreate','项目创建','项目管理','POST'),(62,'2020-07-10 19:09:02','2020-07-10 19:09:02',NULL,NULL,'/deploy/project/projectUpdate','项目更新','项目管理','POST'),(63,'2020-07-10 19:13:15','2020-07-10 19:13:15',NULL,NULL,'/deploy/project/projectDelete','项目删除','项目管理','DELETE'),(64,'2020-07-12 20:23:24','2020-07-12 20:23:24',NULL,NULL,'/deploy/test/testingList','提测列表','项目提测','POST'),(65,'2020-07-13 23:45:26','2020-07-13 23:45:26',NULL,NULL,'/gitlab/project/projectImport','项目导入','Gitlab项目管理','GET'),(66,'2020-07-14 14:49:57','2020-07-14 14:49:57',NULL,NULL,'/gitlab/project/projectTags','项目Tag','Gitlab项目管理','POST'),(67,'2020-07-15 14:06:33','2020-07-15 14:06:33',NULL,NULL,'/deploy/test/testingContrast','提测对比','项目提测','POST'),(68,'2020-07-17 23:22:09','2020-07-17 23:25:11',NULL,NULL,'/deploy/test/testingRelease','项目提交','项目提测','POST'),(69,'2020-08-13 02:12:05','2020-08-13 02:12:52','2020-08-13 08:31:03',NULL,' /deploy/test/testingRversion','可回滚版本','项目提测','POST'),(70,'2020-08-13 07:58:48','2020-08-13 07:58:48',NULL,NULL,'/deploy/rollback/rollbackList','回滚列表','项目回滚','POST'),(71,'2020-08-13 08:30:05','2020-08-13 08:30:05',NULL,NULL,'/deploy/rollback/rollbackContrast','回滚对比','项目回滚','POST'),(72,'2020-08-13 08:31:25','2020-08-13 08:32:31','2020-08-13 09:38:49',NULL,' /deploy/test/testingRversion','版本列表','项目提测','POST'),(73,'2020-08-13 09:36:41','2020-08-13 09:36:41',NULL,NULL,'/deploy/rollback/rollbackRelease','回滚同步','项目回滚','POST'),(74,'2020-08-13 09:39:10','2020-08-13 09:39:10',NULL,NULL,'/deploy/test/testingRversion','版本过滤','项目提测','POST'),(75,'2020-08-14 07:09:55','2020-08-14 07:09:55',NULL,NULL,'/deploy/online/onlineList','上线列表','项目上线','POST'),(76,'2020-08-14 07:12:11','2020-08-14 07:12:11',NULL,NULL,'/deploy/online/onlineContrast','上线对比','项目上线','POST'),(77,'2020-08-14 07:12:41','2020-08-14 07:48:06','2020-08-14 08:55:31',NULL,' /deploy/online/onlineCreate','项目发布','项目上线','POST'),(78,'2020-08-14 07:13:36','2020-08-14 07:13:36',NULL,NULL,'/deploy/online/onlineRversion','回退版本','项目上线','POST'),(79,'2020-08-14 08:49:14','2020-08-14 08:49:14',NULL,NULL,'/deploy/online/devAudit','开发审核','项目上线','POST'),(80,'2020-08-14 08:49:44','2020-08-14 08:49:44',NULL,NULL,'/deploy/online/testAudit','测试审核','项目上线','POST'),(81,'2020-08-14 08:55:54','2020-08-14 08:55:54',NULL,NULL,'/deploy/online/onlineCreate','发布项目','项目上线','POST'),(82,'2020-08-14 11:01:26','2020-08-14 11:01:26',NULL,NULL,'/deploy/online/opsAudit','运维审核','项目上线','POST'),(83,'2020-08-16 08:31:14','2020-08-16 08:31:14',NULL,NULL,'/deploy/online/onlineClose','上线关闭','项目上线','POST');
/*!40000 ALTER TABLE `sys_apis` ENABLE KEYS */;
UNLOCK TABLES;

--
-- Table structure for table `sys_authorities`
--

DROP TABLE IF EXISTS `sys_authorities`;
/*!40101 SET @saved_cs_client     = @@character_set_client */;
/*!40101 SET character_set_client = utf8 */;
CREATE TABLE `sys_authorities` (
  `authority_id` varchar(255) NOT NULL COMMENT '角色ID',
  `authority_name` varchar(255) DEFAULT NULL COMMENT '角色名',
  `parent_id` varchar(255) DEFAULT NULL COMMENT '父角色ID',
  `created_at` datetime DEFAULT NULL,
  `updated_at` datetime DEFAULT NULL,
  `deleted_at` datetime DEFAULT NULL,
  PRIMARY KEY (`authority_id`) USING BTREE,
  UNIQUE KEY `authority_id` (`authority_id`) USING BTREE,
  KEY `idx_sys_authorities_deleted_at` (`deleted_at`) USING BTREE
) ENGINE=InnoDB DEFAULT CHARSET=utf8 ROW_FORMAT=COMPACT;
/*!40101 SET character_set_client = @saved_cs_client */;

--
-- Dumping data for table `sys_authorities`
--

LOCK TABLES `sys_authorities` WRITE;
/*!40000 ALTER TABLE `sys_authorities` DISABLE KEYS */;
INSERT INTO `sys_authorities` VALUES ('888','普通用户','0','2020-04-04 11:44:56','2020-05-09 17:41:29',NULL),('8881','普通用户子角色','888','2020-04-04 11:44:56','2020-05-09 17:41:29',NULL),('9528','测试角色','0','2020-04-04 11:44:56','2020-05-09 17:41:29',NULL);
/*!40000 ALTER TABLE `sys_authorities` ENABLE KEYS */;
UNLOCK TABLES;

--
-- Table structure for table `sys_authority_menus`
--

DROP TABLE IF EXISTS `sys_authority_menus`;
/*!40101 SET @saved_cs_client     = @@character_set_client */;
/*!40101 SET character_set_client = utf8 */;
CREATE TABLE `sys_authority_menus` (
  `sys_authority_authority_id` varchar(255) NOT NULL COMMENT '角色ID',
  `sys_base_menu_id` int(10) unsigned NOT NULL DEFAULT 0 COMMENT '菜单ID',
  PRIMARY KEY (`sys_authority_authority_id`,`sys_base_menu_id`) USING BTREE,
  KEY `sys_authority_authority_id` (`sys_authority_authority_id`) USING BTREE
) ENGINE=InnoDB DEFAULT CHARSET=latin1 ROW_FORMAT=COMPACT;
/*!40101 SET character_set_client = @saved_cs_client */;

--
-- Dumping data for table `sys_authority_menus`
--

LOCK TABLES `sys_authority_menus` WRITE;
/*!40000 ALTER TABLE `sys_authority_menus` DISABLE KEYS */;
INSERT INTO `sys_authority_menus` VALUES ('888',1),('888',3),('888',4),('888',5),('888',6),('888',17),('888',18),('888',19),('888',20),('888',21),('888',22),('888',23),('888',26),('888',33),('888',34),('888',38),('888',40),('888',41),('888',42),('888',45),('888',48),('888',51),('888',52),('888',54),('888',55),('888',56),('888',58),('888',59),('8881',1),('8881',18),('8881',38),('8881',40),('8881',41),('8881',42),('9528',1),('9528',3),('9528',4),('9528',5),('9528',6),('9528',17),('9528',18),('9528',19),('9528',20),('9528',21),('9528',22),('9528',23),('9528',26),('9528',33),('9528',34),('9528',38),('9528',40),('9528',41),('9528',42);
/*!40000 ALTER TABLE `sys_authority_menus` ENABLE KEYS */;
UNLOCK TABLES;

--
-- Table structure for table `sys_base_menus`
--

DROP TABLE IF EXISTS `sys_base_menus`;
/*!40101 SET @saved_cs_client     = @@character_set_client */;
/*!40101 SET character_set_client = utf8 */;
CREATE TABLE `sys_base_menus` (
  `id` int(10) unsigned NOT NULL AUTO_INCREMENT,
  `created_at` timestamp NULL DEFAULT NULL,
  `updated_at` timestamp NULL DEFAULT NULL,
  `deleted_at` timestamp NULL DEFAULT NULL,
  `menu_level` int(10) unsigned DEFAULT NULL,
  `parent_id` int(10) unsigned DEFAULT NULL COMMENT '父菜单ID',
  `path` varchar(255) DEFAULT NULL COMMENT '路由path',
  `name` varchar(255) DEFAULT NULL COMMENT '路由name',
  `hidden` tinyint(1) DEFAULT NULL COMMENT '是否在列表隐藏',
  `component` varchar(255) DEFAULT NULL COMMENT '对应前端文件路径',
  `title` varchar(255) DEFAULT NULL COMMENT '菜单名',
  `icon` varchar(255) DEFAULT NULL COMMENT '菜单图标',
  `nick_name` varchar(255) DEFAULT NULL,
  `sort` int(255) DEFAULT NULL COMMENT '排序标记',
  `keep_alive` tinyint(1) DEFAULT NULL COMMENT '是否缓存',
  `default_menu` tinyint(1) DEFAULT NULL COMMENT '是否是基础路由（开发中）',
  PRIMARY KEY (`id`) USING BTREE,
  KEY `idx_base_menus_deleted_at` (`deleted_at`) USING BTREE,
  KEY `idx_sys_base_menus_deleted_at` (`deleted_at`) USING BTREE
) ENGINE=InnoDB AUTO_INCREMENT=60 DEFAULT CHARSET=utf8 ROW_FORMAT=COMPACT;
/*!40101 SET character_set_client = @saved_cs_client */;

--
-- Dumping data for table `sys_base_menus`
--

LOCK TABLES `sys_base_menus` WRITE;
/*!40000 ALTER TABLE `sys_base_menus` DISABLE KEYS */;
INSERT INTO `sys_base_menus` VALUES (1,'2019-09-20 02:05:18','2020-05-09 21:41:51',NULL,0,0,'dashboard','dashboard',0,'view/dashboard/index.vue','仪表盘','setting','仪表盘',1,0,0),(2,'2019-09-20 02:06:17','2020-06-19 22:03:12','2020-06-19 22:03:25',0,0,'about','about',1,'view/about/index.vue','关于我们','info','测试菜单',7,0,0),(3,'2019-09-20 02:06:38','2020-05-09 21:41:29',NULL,0,0,'admin','superAdmin',0,'view/superAdmin/index.vue','超级管理员','user-solid','超级管理员',3,0,0),(4,'2019-09-20 02:11:53','2020-05-09 21:41:29',NULL,0,3,'authority','authority',0,'view/superAdmin/authority/authority.vue','角色管理','s-custom','角色管理',1,0,0),(5,'2019-09-20 02:13:18','2020-05-09 21:41:29',NULL,0,3,'menu','menu',0,'view/superAdmin/menu/menu.vue','菜单管理','s-order','菜单管理',2,1,0),(6,'2019-09-20 02:13:36','2020-05-09 21:41:29',NULL,0,3,'api','api',0,'view/superAdmin/api/api.vue','api管理','s-platform','api管理',3,1,0),(17,'2019-10-09 19:12:29','2020-05-09 21:41:29',NULL,0,3,'user','user',0,'view/superAdmin/user/user.vue','用户管理','coordinate','用户管理',4,0,0),(18,'2019-10-16 02:27:22','2020-05-09 21:41:29',NULL,0,0,'person','person',1,'view/person/person.vue','个人信息','user-solid','个人信息',4,0,0),(19,'2019-10-20 15:14:42','2020-06-19 22:03:41',NULL,0,0,'example','example',1,'view/example/index.vue','示例文件','s-management','示例文件',7,0,0),(20,'2019-10-20 15:18:11','2020-05-09 21:41:29',NULL,0,19,'table','table',0,'view/example/table/table.vue','表格示例','s-order','表格示例',1,0,0),(21,'2019-10-20 15:19:52','2020-05-09 21:41:29',NULL,0,19,'form','form',0,'view/example/form/form.vue','表单示例','document','表单示例',2,0,0),(22,'2019-10-20 15:22:19','2020-05-09 21:41:29',NULL,0,19,'rte','rte',0,'view/example/rte/rte.vue','富文本编辑器','reading','富文本编辑器',3,0,0),(23,'2019-10-20 15:23:39','2020-05-09 21:41:29',NULL,0,19,'excel','excel',0,'view/example/excel/excel.vue','excel导入导出','s-marketing','excel导入导出',4,0,0),(26,'2019-10-20 15:27:02','2020-05-09 21:41:29',NULL,0,19,'upload','upload',0,'view/example/upload/upload.vue','上传下载','upload','上传下载',5,0,0),(33,'2020-02-17 21:20:47','2020-05-09 21:41:29',NULL,0,19,'breakpoint','breakpoint',0,'view/example/breakpoint/breakpoint.vue','断点续传','upload','断点续传',6,0,0),(34,'2020-02-25 00:48:37','2020-05-09 21:41:29',NULL,0,19,'customer','customer',0,'view/example/customer/customer.vue','客户列表（资源示例）','s-custom','客户列表（资源示例）',7,0,0),(38,'2020-03-30 01:31:03','2020-06-19 22:04:27',NULL,0,0,'systemTools','systemTools',0,'view/systemTools/index.vue','系统工具','s-cooperation','系统工具',6,0,0),(40,'2020-03-30 01:35:10','2020-05-09 21:41:29',NULL,0,38,'autoCode','autoCode',0,'view/systemTools/autoCode/index.vue','代码生成器','cpu','代码生成器',1,0,0),(41,'2020-03-30 01:36:26','2020-05-09 21:41:29',NULL,0,38,'formCreate','formCreate',0,'view/systemTools/formCreate/index.vue','表单生成器','magic-stick','表单生成器',2,0,0),(42,'2020-04-02 18:19:36','2020-05-09 21:41:29',NULL,0,38,'system','system',0,'view/systemTools/system/system.vue','系统配置','s-operation','系统配置',3,0,0),(45,'2020-04-29 21:19:34','2020-06-19 22:06:37',NULL,0,0,'iconList','iconList',1,'view/iconList/index.vue','图标集合','star-on',NULL,2,0,0),(47,'2020-05-20 20:01:08','2020-05-20 20:01:08','2020-05-20 20:01:20',0,0,'testtest/:id','testtest',0,'阿瑟东','a\'s\'d','user-solid',NULL,123,0,0),(48,'2020-06-19 22:02:01','2020-06-19 22:04:22',NULL,0,0,'deploy','deploy',0,'view/deploy/index.vue','发布系统','s-promotion',NULL,5,0,0),(49,'2020-06-21 20:32:54','2020-07-06 21:00:49','2020-07-06 21:59:17',0,48,'env','env',0,'view/deploy/env/index.vue','环境管理','',NULL,0,0,0),(50,'2020-06-21 20:38:25','2020-07-06 21:01:04','2020-07-06 21:59:50',0,48,'server','server',0,'view/deploy/server/index.vue','服务器管理','',NULL,1,0,0),(51,'2020-06-21 20:40:54','2020-07-14 22:44:57',NULL,0,48,'project','project',0,'view/deploy/project/index.vue','项目管理','',NULL,1,0,0),(52,'2020-06-21 20:46:49','2020-08-13 08:33:38',NULL,0,48,'test','test',0,'view/deploy/test/index.vue','项目提测','',NULL,3,0,0),(53,'2020-06-21 20:47:21','2020-08-13 10:25:50','2020-08-13 10:33:53',0,48,'online','online',1,'view/deploy/online/index.vue','项目上线','',NULL,4,0,0),(54,'2020-07-06 21:55:51','2020-08-13 01:32:06',NULL,0,0,'resource','resource',0,'view/resource/index.vue','资源管理','s-order',NULL,4,0,0),(55,'2020-07-06 21:59:39','2020-07-06 22:19:38',NULL,0,54,'env','env',0,'view/resource/env/index.vue','环境管理','',NULL,0,0,0),(56,'2020-07-06 22:00:11','2020-07-06 22:19:45',NULL,0,54,'server','server',0,'view/resource/server/index.vue','主机管理','',NULL,1,0,0),(57,'2020-07-14 22:44:33','2020-08-12 09:40:57','2020-08-12 09:44:13',0,48,'testting','testting',1,'view/deploy/testting/index.vue','项目提测','',NULL,2,0,0),(58,'2020-08-13 02:33:50','2020-08-13 02:33:50',NULL,0,48,'rollback','rollback',0,'view/deploy/rollback/index.vue','项目回滚','',NULL,5,0,0),(59,'2020-08-14 06:57:13','2020-08-14 06:58:25',NULL,0,48,'online','online',0,'view/deploy/online/index.vue','项目上线','',NULL,4,0,0);
/*!40000 ALTER TABLE `sys_base_menus` ENABLE KEYS */;
UNLOCK TABLES;

--
-- Table structure for table `sys_data_authority_id`
--

DROP TABLE IF EXISTS `sys_data_authority_id`;
/*!40101 SET @saved_cs_client     = @@character_set_client */;
/*!40101 SET character_set_client = utf8 */;
CREATE TABLE `sys_data_authority_id` (
  `sys_authority_authority_id` varchar(255) NOT NULL COMMENT '角色ID',
  `data_authority_id` varchar(255) NOT NULL COMMENT '资源角色ID',
  PRIMARY KEY (`sys_authority_authority_id`,`data_authority_id`) USING BTREE,
  KEY `sys_authority_authority_id` (`sys_authority_authority_id`) USING BTREE,
  KEY `data_authority_id` (`data_authority_id`) USING BTREE
) ENGINE=InnoDB DEFAULT CHARSET=latin1 ROW_FORMAT=COMPACT;
/*!40101 SET character_set_client = @saved_cs_client */;

--
-- Dumping data for table `sys_data_authority_id`
--

LOCK TABLES `sys_data_authority_id` WRITE;
/*!40000 ALTER TABLE `sys_data_authority_id` DISABLE KEYS */;
INSERT INTO `sys_data_authority_id` VALUES ('888','888'),('888','8881'),('888','9528'),('88822','888'),('88822','8881'),('88822','9528'),('888222','888'),('888222','8881'),('888222','9528'),('8883','888'),('8883','8881'),('8883','9528'),('9528','8881'),('9528','9528');
/*!40000 ALTER TABLE `sys_data_authority_id` ENABLE KEYS */;
UNLOCK TABLES;

--
-- Table structure for table `sys_users`
--

DROP TABLE IF EXISTS `sys_users`;
/*!40101 SET @saved_cs_client     = @@character_set_client */;
/*!40101 SET character_set_client = utf8 */;
CREATE TABLE `sys_users` (
  `id` int(10) unsigned NOT NULL AUTO_INCREMENT,
  `created_at` timestamp NULL DEFAULT NULL,
  `updated_at` timestamp NULL DEFAULT NULL,
  `deleted_at` timestamp NULL DEFAULT NULL,
  `uuid` varbinary(255) DEFAULT NULL COMMENT '用户UUID',
  `nick_name` varchar(255) DEFAULT 'QMPlusUser' COMMENT '用户昵称',
  `header_img` varchar(255) DEFAULT 'http://www.henrongyi.top/avatar/lufu.jpg' COMMENT '用户头像',
  `authority_id` varchar(255) DEFAULT '888' COMMENT '用户角色ID',
  `username` varchar(255) DEFAULT NULL COMMENT '用户登录名',
  `password` varchar(255) DEFAULT NULL COMMENT '用户登录密码',
  PRIMARY KEY (`id`) USING BTREE,
  KEY `idx_users_deleted_at` (`deleted_at`) USING BTREE,
  KEY `idx_sys_users_deleted_at` (`deleted_at`) USING BTREE
) ENGINE=InnoDB AUTO_INCREMENT=12 DEFAULT CHARSET=utf8 ROW_FORMAT=COMPACT;
/*!40101 SET character_set_client = @saved_cs_client */;

--
-- Dumping data for table `sys_users`
--

LOCK TABLES `sys_users` WRITE;
/*!40000 ALTER TABLE `sys_users` DISABLE KEYS */;
INSERT INTO `sys_users` VALUES (10,'2019-09-13 21:23:46','2020-05-06 20:09:15',NULL,'ce0d6685-c15f-4126-a5b4-890bc9d2356d','超级管理员','http://qmplusimg.henrongyi.top/15887525450B978439-F04A-4a09-A8D3-DE7DE2677142.png','888','admin','e10adc3949ba59abbe56e057f20f883e'),(11,'2019-09-13 21:27:29','2020-05-09 21:43:44',NULL,'fd6ef79b-944c-4888-8377-abe2d2608858','QMPlusUser','http://qmplusimg.henrongyi.top/1572075907logo.png','9528','a303176530','3ec063004a6f31642261936a379fde3d');
/*!40000 ALTER TABLE `sys_users` ENABLE KEYS */;
UNLOCK TABLES;

--
-- Table structure for table `sys_workflow_step_infos`
--

DROP TABLE IF EXISTS `sys_workflow_step_infos`;
/*!40101 SET @saved_cs_client     = @@character_set_client */;
/*!40101 SET character_set_client = utf8 */;
CREATE TABLE `sys_workflow_step_infos` (
  `id` int(10) unsigned NOT NULL AUTO_INCREMENT,
  `created_at` timestamp NULL DEFAULT NULL,
  `updated_at` timestamp NULL DEFAULT NULL,
  `deleted_at` timestamp NULL DEFAULT NULL,
  `workflow_id` int(10) unsigned DEFAULT NULL COMMENT '所属工作流ID',
  `is_strat` tinyint(1) DEFAULT NULL COMMENT '是否是开始流节点',
  `step_name` varchar(255) DEFAULT NULL COMMENT '工作流节点名称',
  `step_no` double DEFAULT NULL COMMENT '步骤id （第几步）',
  `step_authority_id` varchar(255) DEFAULT NULL COMMENT '操作者级别id',
  `is_end` tinyint(1) DEFAULT NULL COMMENT '是否是完结流节点',
  `sys_workflow_id` int(10) unsigned DEFAULT NULL,
  PRIMARY KEY (`id`) USING BTREE,
  KEY `idx_workflow_step_infos_deleted_at` (`deleted_at`) USING BTREE,
  KEY `idx_sys_workflow_step_infos_deleted_at` (`deleted_at`) USING BTREE
) ENGINE=InnoDB DEFAULT CHARSET=utf8 ROW_FORMAT=COMPACT;
/*!40101 SET character_set_client = @saved_cs_client */;

--
-- Dumping data for table `sys_workflow_step_infos`
--

LOCK TABLES `sys_workflow_step_infos` WRITE;
/*!40000 ALTER TABLE `sys_workflow_step_infos` DISABLE KEYS */;
/*!40000 ALTER TABLE `sys_workflow_step_infos` ENABLE KEYS */;
UNLOCK TABLES;

--
-- Table structure for table `sys_workflows`
--

DROP TABLE IF EXISTS `sys_workflows`;
/*!40101 SET @saved_cs_client     = @@character_set_client */;
/*!40101 SET character_set_client = utf8 */;
CREATE TABLE `sys_workflows` (
  `id` int(10) unsigned NOT NULL AUTO_INCREMENT,
  `created_at` timestamp NULL DEFAULT NULL,
  `updated_at` timestamp NULL DEFAULT NULL,
  `deleted_at` timestamp NULL DEFAULT NULL,
  `workflow_nick_name` varchar(255) DEFAULT NULL COMMENT '工作流中文名称',
  `workflow_name` varchar(255) DEFAULT NULL COMMENT '工作流英文名称',
  `workflow_description` varchar(255) DEFAULT NULL COMMENT '工作流描述',
  PRIMARY KEY (`id`) USING BTREE,
  KEY `idx_workflows_deleted_at` (`deleted_at`) USING BTREE,
  KEY `idx_sys_workflows_deleted_at` (`deleted_at`) USING BTREE
) ENGINE=InnoDB AUTO_INCREMENT=9 DEFAULT CHARSET=utf8 ROW_FORMAT=COMPACT;
/*!40101 SET character_set_client = @saved_cs_client */;

--
-- Dumping data for table `sys_workflows`
--

LOCK TABLES `sys_workflows` WRITE;
/*!40000 ALTER TABLE `sys_workflows` DISABLE KEYS */;
INSERT INTO `sys_workflows` VALUES (8,'2019-12-09 20:20:21','2019-12-09 20:20:21',NULL,'测试改版1','test','123123');
/*!40000 ALTER TABLE `sys_workflows` ENABLE KEYS */;
UNLOCK TABLES;

--
-- Final view structure for view `authority_menu`
--

/*!50001 DROP TABLE IF EXISTS `authority_menu`*/;
/*!50001 DROP VIEW IF EXISTS `authority_menu`*/;
/*!50001 SET @saved_cs_client          = @@character_set_client */;
/*!50001 SET @saved_cs_results         = @@character_set_results */;
/*!50001 SET @saved_col_connection     = @@collation_connection */;
/*!50001 SET character_set_client      = utf8mb4 */;
/*!50001 SET character_set_results     = utf8mb4 */;
/*!50001 SET collation_connection      = utf8mb4_general_ci */;
/*!50001 CREATE ALGORITHM=UNDEFINED */
/*!50013 DEFINER=`root`@`localhost` SQL SECURITY DEFINER */
/*!50001 VIEW `authority_menu` AS select `sys_base_menus`.`id` AS `id`,`sys_base_menus`.`created_at` AS `created_at`,`sys_base_menus`.`updated_at` AS `updated_at`,`sys_base_menus`.`deleted_at` AS `deleted_at`,`sys_base_menus`.`menu_level` AS `menu_level`,`sys_base_menus`.`parent_id` AS `parent_id`,`sys_base_menus`.`path` AS `path`,`sys_base_menus`.`name` AS `name`,`sys_base_menus`.`hidden` AS `hidden`,`sys_base_menus`.`component` AS `component`,`sys_base_menus`.`title` AS `title`,`sys_base_menus`.`icon` AS `icon`,`sys_base_menus`.`nick_name` AS `nick_name`,`sys_base_menus`.`sort` AS `sort`,`sys_authority_menus`.`sys_authority_authority_id` AS `authority_id`,`sys_authority_menus`.`sys_base_menu_id` AS `menu_id`,`sys_base_menus`.`keep_alive` AS `keep_alive`,`sys_base_menus`.`default_menu` AS `default_menu` from (`sys_authority_menus` join `sys_base_menus` on(`sys_authority_menus`.`sys_base_menu_id` = `sys_base_menus`.`id`)) */;
/*!50001 SET character_set_client      = @saved_cs_client */;
/*!50001 SET character_set_results     = @saved_cs_results */;
/*!50001 SET collation_connection      = @saved_col_connection */;
/*!40103 SET TIME_ZONE=@OLD_TIME_ZONE */;

/*!40101 SET SQL_MODE=@OLD_SQL_MODE */;
/*!40014 SET FOREIGN_KEY_CHECKS=@OLD_FOREIGN_KEY_CHECKS */;
/*!40014 SET UNIQUE_CHECKS=@OLD_UNIQUE_CHECKS */;
/*!40101 SET CHARACTER_SET_CLIENT=@OLD_CHARACTER_SET_CLIENT */;
/*!40101 SET CHARACTER_SET_RESULTS=@OLD_CHARACTER_SET_RESULTS */;
/*!40101 SET COLLATION_CONNECTION=@OLD_COLLATION_CONNECTION */;
/*!40111 SET SQL_NOTES=@OLD_SQL_NOTES */;

-- Dump completed on 2020-08-16 19:35:31
